LIVE LPs effective of Wed 12th June 2024,,,,,,,,,,,,,,,,,,,,,,,,,,,,,,,,,,,,,
,,,,,,,,,,,,,,,,,,,,,,,,,,,,,,,,,,,,,
,,,,,,,,,,,,,TK LPs LIVE,42,,,,,,,,,,,,,,,,,,,,,,,
,,,,,,,,,,,,,MO LPs LIVE,22,,,,,,,,,,,,,,,,,,,,,,,
,,,,,,,,,,,,,,,,,,,,,,,,,,,,,,,,,,,,,
Copywriting,,,,Design,,Development,,Creative Assets,,,,,"
",,,New Site,Current Site,Standard Page Title: | Free MyOffers Prizes,,,,,,,,,,,,,,Current Site ,,New Site ,,LPs left to transfer = 60,CDN upload remaining= 27
Date,Status,Writer,Done,Date,Done,Date,Done,Prize Img,TPF Img,FB Img,LP,Email,Design Trello Card No & Link,Prize Img Name,New / Old Prize?,"PDI-PNO
e.g 167-0","PDID
e.g. 13452-0",Prize Title,Prize Title Length (Max. up to 70 characters),Value,Start Date,Closing Date,Marketing Month,Type (CategoryID),MO/TK Prize Draw,Description,"Quantity 
(No of Winners)",Product Link,Target Audience,Guidance Notes for Copywriter,LP /featured-1 or /featured-4,Staging URL,LIVE URL,Staging URL,LIVE URL (when the site replaces the current site),"Dev Status
Transferred LP to new site ","Design Status
CDN Images"
,Approved,MP,TRUE,"Mon, 20 May ",TRUE,"Wed, 22 May ",TRUE,TRUE,TRUE,TRUE,TRUE,FALSE,TK - #656,"13853-0-tk-650x381.jpg
252-0-tk-650x381.jpg",Old,252-0,13853-0,Try the Chanel Coco Mademoiselle Perfume,40,£435,2024-06-01,2024-12-31,Select,Lifestyle,TK Product Testing,"CHANEL
COCO MADEMOISELLE Eau De Parfum Spray 100ml",3,https://www.boots.com/chanel-coco-mademoiselle-eau-de-parfum-spray-100ml-10012569,"Female 
Under 40 
Over 40 ",COCO MADEMOISELLE. The essence of a bold and free woman. A feminine ambery fragrance with a strong personality and a surprising freshness.,/featured-4,http://staging-myoffers.ipt-dev.co.uk/lifestyle-competitions/try-the-chanel-coco-mademoiselle-perfume-13853-0/featured-4,http://www.myoffers.co.uk/lifestyle-competitions/try-the-chanel-coco-mademoiselle-perfume-13853-0/featured-4,https://stagingn.myoffers.co.uk/lifestyle-competitions/try-the-chanel-coco-mademoiselle-perfume-252-0/featured-4,https://www.myoffers.co.uk/lifestyle-competitions/try-the-chanel-coco-mademoiselle-perfume-252-0/featured-4,In-Progress ,Done - LIVE
"Mon, 22 Apr ",Approved,KG,TRUE,"Mon, 20 May ",TRUE,"Wed, 22 May ",TRUE,TRUE,TRUE,TRUE,TRUE,TRUE,TK - #643,"13828-0-tk-650x381.jpg
197-0-tk-650x381.jpg",New,197-0,13828-0,Apply to review a JOYELF Memory Foam Dog Bed,44,£110,2024-06-01,2025-01-31,Select,Household,TK Product Reviewers,"JOYELF XX-Large Memory Foam Dog Bed, Orthopedic Dog Bed & Sofa with Removable Washable Cover Dog Sleeper for Large Dogs. Size Name: 119 x 84 x 25 cm (L x W x H)",1,https://www.amazon.co.uk/JOYELF-Orthopedic-Removable-Washable-Squeaker/dp/B08LPTHKNS?th=1,"Male 
Female 
Under 40 
Over 40 
Single 
Family","The base high-density memory foam can provide the ultimate sleep experience with superior overall comfort and to last.2.The bottom is lined with to prevent the bed from ever sliding around.3.Soft&Full comfy cotton-padded Bolsters surround a whole circle can protect your pet's neck, relieve the neck caused by fatigue and discomfort.4.The hidden zipper of this orthopedic dog bed makes the product look better.5.Waterproof internal liner to protect memory foam from liquids.",/featured-4,http://staging-myoffers.ipt-dev.co.uk/household-competitions/apply-to-review-a-joyelf-memory-foam-dog-bed-13828-0/featured-4,http://www.myoffers.co.uk/household-competitions/apply-to-review-a-joyelf-memory-foam-dog-bed-13828-0/featured-4,https://stagingn.myoffers.co.uk/household-competitions/apply-to-review-a-joyelf-memory-foam-dog-bed-197-0/featured-4,https://www.myoffers.co.uk/household-competitions/apply-to-review-a-joyelf-memory-foam-dog-bed-197-0/featured-4,In-Progress ,Done - LIVE
"Mon, 22 Apr ",Approved,MP,TRUE,"Mon, 20 May ",TRUE,"Wed, 22 May ",TRUE,TRUE,TRUE,TRUE,TRUE,TRUE,TK - #642,"13827-0-tk-650x381.jpg
196-0-tk-650x381.jpg",Old - New Model,196-0,13827-0,Test and keep a new Tommee Tippee Formula Feed Maker,52,£135,2024-06-01,2025-01-31,Select,Electronic,TK Product Testing,"Tommee Tippee Perfect Prep Day & Night, Baby Bottle Maker Machine with Digital Display and Adjustable Volume, Black",1,https://www.amazon.co.uk/Tommee-Tippee-Perfect-Night-Black/dp/B079619JM6?th=1,"Male
Female 
Under 40 
Over 40
Family","Prepares a fresh formula feed at the right temperature in just 2 minutes. 10x faster to make a baby bottle than boiling the kettle and waiting for it to cool.  Soft glow lights, low volume and digital display make night feeds less disruptive",/featured-4,http://staging-myoffers.ipt-dev.co.uk/electronic-competitions/test-and-keep-a-new-tommee-tippee-formula-feed-maker-13827-0/featured-4,http://www.myoffers.co.uk/electronic-competitions/test-and-keep-a-new-tommee-tippee-formula-feed-maker-13827-0/featured-4,https://stagingn.myoffers.co.uk/electronic-competitions/test-and-keep-a-new-tommee-tippee-formula-feed-maker-196-0/featured-4,https://www.myoffers.co.uk/electronic-competitions/test-and-keep-a-new-tommee-tippee-formula-feed-maker-196-0/featured-4,In-Progress ,Done - LIVE
"Mon, 22 Apr ",Approved,KG,TRUE,"Mon, 20 May ",TRUE,"Wed, 22 May ",TRUE,TRUE,TRUE,TRUE,TRUE,TRUE,TK - #641,"13826-0-tk-650x381.jpg
195-0-tk-650x381.jpg",New,195-0,13826-0,Test and keep a brand new Sony Alpha 7 II Camera,48,"£1,099",2024-06-01,2025-05-31,Select,Electronic,TK Product Testing,Sony A7 MKII Mirrorless Camera with 28-70mm Lens,1,"Sony: https://www.sony.co.uk/store/product/ilce7m2kb.cec/Alpha-7-II-E-mount-Camera-with-Full-Frame-Sensor

John Lewis: https://www.johnlewis.com/sony-a7-ii-alpha-ilce-7m2-compact-system-camera-with-hd-1080p-24-3mp-wi-fi-nfc-oled-evf-5-axis-image-stabiliser-3-inch-lcd-screen-28-70mm-lens-included/p2341095.

Jessop: https://www.jessops.com/p/sony/a7-mkii-mirrorless-camera-with-28-70mm-lens-95133","Male 
Female
Under 40 
Over 40","Breathtaking image quality meets unrivaled shooting freedom in the α7 II, full-frame camera with 5-axis image stabilization. (huge list of features under ""Features"" header on link.",/featured-4,http://staging-myoffers.ipt-dev.co.uk/electronic-competitions/test-and-keep-a-brand-new-sony-alpha-7-ii-camera-13826-0/featured-4,http://www.myoffers.co.uk/electronic-competitions/test-and-keep-a-brand-new-sony-alpha-7-ii-camera-13826-0/featured-4,https://stagingn.myoffers.co.uk/electronic-competitions/test-and-keep-a-brand-new-sony-alpha-7-ii-camera-195-0/featured-4,https://www.myoffers.co.uk/electronic-competitions/test-and-keep-a-brand-new-sony-alpha-7-ii-camera-195-0/featured-4,In-Progress ,Done - LIVE
"Wed, 20 Mar ",Approved,HE,TRUE,"Thu, 2 May ",TRUE,"Tue, 7 May ",TRUE,TRUE,TRUE,TRUE,TRUE,FALSE,TK -#639,"13823-0-tk-650x381.jpg
180-0-tk-650x381.jpg",New,180-0,13823-0,Apply to product test the Meta Quest 3 VR Headset,49,£620,2024-05-15,2025-02-28,Select,Electronic,TK Product Testing,Meta Quest 3 512 GB,1,https://www.meta.com/gb/quest/quest-3/?utm_source=gg&utm_medium=ps&utm_campaign=20987776004&utm_term=meta%20quest%203&utm_content=688066876464&utm_funnel=dcap&gclid=CjwKCAiAlJKuBhAdEiwAnZb7lfT-r6zVMuzR1PtJQ9xgulDgEfK9KONrpQhuGqey5naEkbPpTgv7SxoCoUMQAvD_BwE&gclsrc=aw.ds,"Male 
Under 40 
Over 40","Advanced hardware stack and the first headset with the Snapdragon XR2 Gen 2, delivering double the GPU processing power for faster load times and more seamless gameplay compared to Meta Quest 2. This brings enough power to support heavy applications such as fast-action gaming, seamless full-colour, high-resolution Passthrough and so much more.",/featured-4,http://staging-myoffers.ipt-dev.co.uk/electronic-competitions/apply-to-product-test-the-meta-quest-3-vr-headset-13823-0/featured-4,http://www.myoffers.co.uk/electronic-competitions/apply-to-product-test-the-meta-quest-3-vr-headset-13823-0/featured-4,https://stagingn.myoffers.co.uk/electronic-competitions/apply-to-product-test-the-meta-quest-3-vr-headset-180-0/featured-4,https://www.myoffers.co.uk/electronic-competitions/apply-to-product-test-the-meta-quest-3-vr-headset-180-0/featured-4,To Action,Done - LIVE
"Wed, 20 Mar ",Approved,KG,TRUE,"Thu, 2 May ",TRUE,"Tue, 7 May ",TRUE,TRUE,TRUE,TRUE,TRUE,TRUE,TK -#638,"13822-0-tk-650x381.jpg
179-0-tk-650x381.jpg",New,179-0,13822-0,Apply to try the Ultimate Infinity Shine Dishwasher Tablets ,60,£220,2024-05-15,2024-12-31,Select,Lifestyle,TK Product Reviewers,"Regular - Finish Ultimate Infinity Shine, 160 Dishwasher Tablets (80 X 2)",5,https://www.amazon.co.uk/Finish-Ultimate-Infinity-Dishwasher-Tablets/dp/B08X5CK7DK,"Male 
Female 
Under 40 
Over 40 
Single 
Family","ULTIMATE CLEANING- The Finish Ultimate Infinity Shine dishwasher tablets impress with 3 chambers against dirty dishes - powder against dried up and gel against greasy stains
Brilliant shine - The liquid Powerball ensures the best Finish sheen
PROTECTOR SHIELD TECHNOLOGY- Even delicate crockery is cleaned in no time - with color and gloss protection for glass, crockery decor and silver cutlery
Innovative and sustainable: The film is biodegradable and 100 percent water-soluble and has a clear rinse and salt function
SAVING WATER WITH FINISH - With the powerful tabs, no pre-rinsing is necessary

https://www.finish.co.uk/products/finish-ultimate-all-in-one-paper-pack?variant=40590862778450 ",/featured-4,http://staging-myoffers.ipt-dev.co.uk/lifestyle-competitions/apply-to-try-the-ultimate-infinity-shine-dishwasher-tablets--13822-0/featured-4,http://www.myoffers.co.uk/lifestyle-competitions/apply-to-try-the-ultimate-infinity-shine-dishwasher-tablets--13822-0/featured-4,https://stagingn.myoffers.co.uk/lifestyle-competitions/apply-to-try-the-ultimate-infinity-shine-dishwasher-tablets--179-0/featured-4,https://www.myoffers.co.uk/lifestyle-competitions/apply-to-try-the-ultimate-infinity-shine-dishwasher-tablets--179-0/featured-4,To Action,Done - LIVE
"Wed, 20 Mar ",Approved,HE,TRUE,"Thu, 2 May ",TRUE,"Tue, 7 May ",TRUE,TRUE,TRUE,TRUE,TRUE,FALSE,TK -#637,"13821-0-tk-650x381.jpg
178-0-tk-650x381.jpg",Old - New Model,178-0,13821-0,Review a Lay-Z-Spa Hot Tub,26,£400,2024-05-15,2024-08-31,Select,Household,TK Product Reviewers,"Lay-Z-Spa Paris Hot Tub with Built In LED Light System 140 AirJet Massage System Inflatable Spa with Freeze Shield Technology, 4-6",1,https://www.diy.com/departments/lay-z-spa-paris-hot-tub-with-built-in-led-light-system-140-airjet-massage-system-inflatable-spa-with-freeze-shield-technology-4-6/5056316724067_BQ.prd,"Male 
Female 
Under 40 
Over 40 
Single 
Family","MASSAGE SYSTEM: The soothing 140 AirJet system gives you an all-surrounding massage experience for pure relaxation BLISSFUL 40 DEGREE CELSIUS RAPID HEATING SYSTEM: enhanced pump technology enables you to simultaneously heat and filter the water whilst running the massage system
https://www.lay-z-spa.co.uk/lay-z-spa-paris-airjet-hot-tub.html",/featured-4,http://staging-myoffers.ipt-dev.co.uk/household-competitions/review-a-lay-z-spa-hot-tub-13821-0/featured-4,http://www.myoffers.co.uk/household-competitions/review-a-lay-z-spa-hot-tub-13821-0/featured-4,https://stagingn.myoffers.co.uk/household-competitions/review-a-lay-z-spa-hot-tub-178-0/featured-4,https://www.myoffers.co.uk/household-competitions/review-a-lay-z-spa-hot-tub-178-0/featured-4,To Action,Done - LIVE
"Wed, 20 Mar ",Approved,KG,TRUE,"Thu, 2 May ",TRUE,"Mon, 6 May ",TRUE,TRUE,TRUE,TRUE,TRUE,FALSE,TK -#636,"13820-0-tk-650x381.jpg
177-0-tk-650x381.jpg
",New,177-0,13820-0,Test and keep an interactive Pet Camera,39,£149,2024-05-15,2025-05-31,Select,Household,TK Product Testing,Petcube Bites 2 Lite Interactive WIFI Pet Camera with Phone App & Treat Dispenser,1,https://www.petsathome.com/shop/en/pets/petcube-pet-cam-with-built-in-chat-1080p-hd-video-with-night-vision---2-way-audio,"Male 
Female 
Under 40 
Over 40 
Single 
Family","Wide-angle view and HD video for ultimate monitoring - Watch your pet live with a sharp 1080p HD video, night vision.Smooth two-way audio to hear and speak - Say hello, soothe your pet, or prevent destructive behaviour. Get alerts that matter - Get notified in real time about potentially dangerous events, with audio recognition of barking and meowing, and the ability to tell the difference between pets and people.

https://petcube.com/en-gb/bites-2-lite/",/featured-4,http://staging-myoffers.ipt-dev.co.uk/household-competitions/test-and-keep-an-interactive-pet-camera-13820-0/featured-4,http://www.myoffers.co.uk/household-competitions/test-and-keep-an-interactive-pet-camera-13820-0/featured-4,https://stagingn.myoffers.co.uk/household-competitions/test-and-keep-an-interactive-pet-camera-177-0/featured-4,https://www.myoffers.co.uk/household-competitions/test-and-keep-an-interactive-pet-camera-177-0/featured-4,To Action,Done - LIVE
"Wed, 20 Mar ",Approved,KG,TRUE,"Thu, 2 May ",TRUE,"Mon, 6 May ",TRUE,TRUE,TRUE,TRUE,TRUE,TRUE,TK -#635,"13819-0-tk-650x381.jpg
176-0-tk-650x381.jpg",New,176-0,13819-0,Test and keep a brand new 3-in-1 Baby Stroller,46,£229,2024-05-15,2025-01-31,Select,Lifestyle,TK Product Testing,Baby Stroller 3 in 1 Pram Pushchair Buggy Child Lightweight Folding Stroller 3 in 1 Travel System Pram for Newborns Toddlers 0-36 Months from Birth Aluminium (Black - Silver Frame),1,https://www.amazon.co.uk/Stroller-Pushchair-Lightweight-Newborns-Aluminium/dp/B0CB4GV5HZ/ref=sr_1_2_sspa?keywords=baby%2Bpram&qid=1707392016&sr=8-2-spons&sp_csd=d2lkZ2V0TmFtZT1zcF9hdGY&th=1,"Male 
Female 
Under 40 
Over 40 
Family","Adjustable canopy.Ergonomic design, great for infant and toddler babies. The appearance looks very elegant and luxurious. Anti-shock design, the springs in the front wheels absorb shocks to protect the baby’s brain and body. All terrain pram stroller. Flexible design, front wheels either 360°rotate or be locked at a precise position.",/featured-4,http://staging-myoffers.ipt-dev.co.uk/lifestyle-competitions/test-and-keep-a-brand-new-3-in-1-baby-stroller-13819-0/featured-4,http://www.myoffers.co.uk/lifestyle-competitions/test-and-keep-a-brand-new-3-in-1-baby-stroller-13819-0/featured-4,https://stagingn.myoffers.co.uk/lifestyle-competitions/test-and-keep-a-brand-new-3-in-1-baby-stroller-176-0/featured-4,https://www.myoffers.co.uk/lifestyle-competitions/test-and-keep-a-brand-new-3-in-1-baby-stroller-176-0/featured-4,To Action,Done - LIVE
"Wed, 20 Mar ",Approved,KG,TRUE,"Thu, 2 May ",TRUE,"Mon, 6 May ",TRUE,TRUE,TRUE,TRUE,TRUE,TRUE,TK -#634,"13818-0-tk-650x381.jpg
175-0-tk-650x381.jpg",New,175-0,13818-0,Apply to try the Fairy MaxPower Washing Up Liquid,49,£120,2024-05-15,2024-11-30,Select,Household,TK Product Reviewers,Fairy MaxPower Washing Up Liquid 4.32 L (540 ML x 8),5,https://www.amazon.co.uk/Fairy-MaxPower-Effortless-Cleaning-Greasiest/dp/B09R7ZDDRM,"Male 
Female 
Under 40 
Over 40 
Single 
Family","Fairy Max Power washing up liquid
Easy & effortless cleaning, even on your greasiest pots and pans
Upside down bottle with no flip cap for Fairy's fastest cleaning experience
24hr bacteria protection for your sponge
Irresistible scent to leave your kitchen infused with an invigorating freshness
Easy rinsing for faster results, leaving you with brilliantly clean dishes",/featured-4,http://staging-myoffers.ipt-dev.co.uk/household-competitions/apply-to-try-the-fairy-maxpower-washing-up-liquid-13818-0/featured-4,http://www.myoffers.co.uk/household-competitions/apply-to-try-the-fairy-maxpower-washing-up-liquid-13818-0/featured-4,https://stagingn.myoffers.co.uk/household-competitions/apply-to-try-the-fairy-maxpower-washing-up-liquid-175-0/featured-4,https://www.myoffers.co.uk/household-competitions/apply-to-try-the-fairy-maxpower-washing-up-liquid-175-0/featured-4,To Action,Done - LIVE
"Wed, 20 Mar ",Approved,KG,TRUE,"Thu, 18 Apr ",TRUE,"Mon, 22 Apr ",TRUE,TRUE,TRUE,TRUE,TRUE,FALSE,TK -#631,"13815-0-tk-650x381.jpg
172-0-tk-650x381.jpg",New,172-0,13815-0,Taste Test a Vodka Cocktail Gift Set,36,£54,2024-05-01,2025-05-31,Select,Household,TK Taste Testers,"MicroBarBox Vodka Cocktail Gift Set in a Premium Luxury Gift Box | An ideal birthday gift or thank you gift |Includes Absolut, Absolut Citron, Riverside Elderflower, Baileys, Tia Maria & Cointreau",1,https://www.amazon.co.uk/MicroBarBox-including-Elderflower-Cointreau-Presented/dp/B08DP23VVN/ref=sr_1_9?keywords=cocktail+hamper+gift+set&qid=1707389662&sr=8-9,"Female 
Under 40 
Over 40 ","COCKTAILS IN THIS GIFT SET: Unlock the secrets of mixology with our collection of carefully curated cocktail recipes. Cocktails in this hamper include a Cosmopolitan, a Mudslide, a Pink Vodka Lemonade, a Vodka Martini and a B52 Shot.",/featured-4,http://staging-myoffers.ipt-dev.co.uk/household-competitions/taste-test-a-vodka-cocktail-gift-set-13815-0/featured-4,http://www.myoffers.co.uk/household-competitions/taste-test-a-vodka-cocktail-gift-set-13815-0/featured-4,https://stagingn.myoffers.co.uk/household-competitions/taste-test-a-vodka-cocktail-gift-set-172-0/featured-4,https://www.myoffers.co.uk/household-competitions/taste-test-a-vodka-cocktail-gift-set-172-0/featured-4,To Action,Done - LIVE
"Wed, 20 Mar ",Approved,KG,TRUE,"Thu, 18 Apr ",TRUE,"Mon, 22 Apr ",TRUE,TRUE,TRUE,TRUE,TRUE,TRUE,TK -#630,"13813-0-tk-650x381.jpg
170-0-tk-650x381.jpg",New,170-0,13813-0,"Review the Hugo Boss, the Scent Elixir Fragrance",48,£125,2024-05-01,2024-10-31,Select,Lifestyle,TK Product Reviewers,BOSS THE SCENT ELIXIR EAU DE PARFUM 100ML,1,https://www.hugoboss.com/uk/boss-the-scent-elixir-eau-de-parfum-100ml/hbeu58132412_999.html?cgid=24200,"Male 
Under 40 
Over 40","A 100ml bottle of BOSS The Scent Elixir eau de parfum. This hypnotic fragrance combines hot pimento pepper with mellow Caledonian sandalwood, while lively lavandin captivates at the heart. Ingredients: Alcohol Denat., Parfum/Fragrance, Aqua/Water/Eau, Ethylhexyl Salicylate, Linalool, Limonene, Butyl",/featured-4,http://staging-myoffers.ipt-dev.co.uk/lifestyle-competitions/review-the-hugo-boss-the-scent-elixir-fragrance-13813-0/featured-4,http://www.myoffers.co.uk/lifestyle-competitions/review-the-hugo-boss-the-scent-elixir-fragrance-13813-0/featured-4,https://stagingn.myoffers.co.uk/lifestyle-competitions/review-the-hugo-boss-the-scent-elixir-fragrance-170-0/featured-4,https://www.myoffers.co.uk/lifestyle-competitions/review-the-hugo-boss-the-scent-elixir-fragrance-170-0/featured-4,To Action,Done - LIVE
"Wed, 20 Mar ",Approved,HE,TRUE,"Thu, 18 Apr ",TRUE,"Mon, 22 Apr ",TRUE,TRUE,TRUE,TRUE,TRUE,TRUE,TK -#629,"13812-0-tk-650x381.jpg
169-0-tk-650x381.jpg",New,169-0,13812-0,Help us review the Gucci Guilty Elixir Fragrance,48,£124,2024-05-01,2024-10-31,Select,Lifestyle,TK Product Reviewers,"GUCCI GUILTY ELIXIR DE PARFUM POUR HOMME, 60ML",1,https://www.gucci.com/uk/en_gb/pr/beauty/fragrances/fragrances-for-men/gucci-guilty/gucci-guilty-elixir-de-parfum-pour-homme-60ml-p-765589999990099,"Male 
Under 40 
Over 40 ","Gucci Guilty Elixir de Parfum Pour Homme is a powerful invitation to love and self-acceptance. The fragrance has an ambery leathery scent that features precious Patchouli, the signature ingredient of Gucci Guilty, amplified in concentration for an intensified impact. The bouquet is presented in a brightly colored flacon, created to mirror its woman's counterpart in their sleek symmetry.",/featured-4,http://staging-myoffers.ipt-dev.co.uk/lifestyle-competitions/help-us-review-the-gucci-guilty-elixir-fragrance-13812-0/featured-4,http://www.myoffers.co.uk/lifestyle-competitions/help-us-review-the-gucci-guilty-elixir-fragrance-13812-0/featured-4,https://stagingn.myoffers.co.uk/lifestyle-competitions/help-us-review-the-gucci-guilty-elixir-fragrance-169-0/featured-4,https://www.myoffers.co.uk/lifestyle-competitions/help-us-review-the-gucci-guilty-elixir-fragrance-169-0/featured-4,To Action,Done - LIVE
"Fri, 16 Feb ",Approved,BC,FALSE,"Wed, 20 Mar ",TRUE,"Mon, 25 Mar ",TRUE,TRUE,TRUE,TRUE,TRUE,TRUE,TK - #626,"13810-0-tk-650x381.jpg
184-0-tk-650x381.jpg",New, 184-0,13810-0,Try the new Dyson Airstrait Straightener,40,£450,2024-04-15,2024-09-30,Select,Electronic,TK Product Testing,Dyson Airstrait™ straightener in Prussian Blue / Rich Copper,1,https://www.dyson.co.uk/hair-care/hair-straighteners/airstrait,"Female 
Under 40 
Over 40 ","Wet to dry straightening, with air. No hot plates. No heat damage. Powerful, directional airflow smooths and aligns hair. ",/featured-4,http://staging-myoffers.ipt-dev.co.uk/electronic-competitions/try-the-new-dyson-airstrait-straightener-13810-0/featured-4,http://www.myoffers.co.uk/electronic-competitions/try-the-new-dyson-airstrait-straightener-13810-0/featured-4,https://stagingn.myoffers.co.uk/electronic-competitions/try-the-new-dyson-airstrait-straightener- 184-0/featured-4,https://www.myoffers.co.uk/electronic-competitions/try-the-new-dyson-airstrait-straightener- 184-0/featured-4,To Action,Done - LIVE
"Fri, 16 Feb ",Approved,KG,FALSE,"Wed, 20 Mar ",TRUE,"Mon, 25 Mar ",TRUE,TRUE,TRUE,TRUE,TRUE,FALSE,TK - #622,"13805-0-tk-650x381.jpg
164-0-tk-650x381.jpg",New,164-0,13805-0,Taste test a bottle Pimm's The Original No.1 Cup,48,£115,2024-04-15,2024-06-21,Jun,Lifestyle,TK Taste Testers,Pimm's The Original No.1 Cup Bottle 25% Vol 1L,5,https://www.tesco.com/groceries/en-GB/products/255250422,"Male 
Female 
Under 40 
Over 40 ","Pimm's No.1 is a fruity and refreshing gin-based spirit made from a closely guarded recipe that infuses gin with a delicate combination of botanicals, caramelised orange and warm spices. (Pimms is the traditional drink for wimbledon)",/featured-4,http://staging-myoffers.ipt-dev.co.uk/lifestyle-competitions/taste-test-a-bottle-pimms-the-original-no.1-cup-13805-0/featured-4,http://www.myoffers.co.uk/lifestyle-competitions/taste-test-a-bottle-pimms-the-original-no.1-cup-13805-0/featured-4,https://stagingn.myoffers.co.uk/lifestyle-competitions/taste-test-a-bottle-pimms-the-original-no.1-cup-164-0/featured-4,https://www.myoffers.co.uk/lifestyle-competitions/taste-test-a-bottle-pimms-the-original-no.1-cup-164-0/featured-4,To Action,Done - LIVE
"Fri, 16 Feb ",Approved,KG,FALSE,"Wed, 20 Mar ",TRUE,"Mon, 25 Mar ",TRUE,TRUE,TRUE,TRUE,TRUE,TRUE,TK - #621,"13804-0-tk-650x381.jpg
163-0-tk-650x381.jpg",New,163-0,13804-0,Apply now to try the YSL Y Mens Fragrance,41,£95,2024-04-15,2024-10-31,Select,Lifestyle,TK Product Testing,YSL Y Mens Eau de Parfum 100ml,1,https://www.boots.com/yves-saint-laurent-y-eau-de-parfum-100ml-10255894,"Male 
Under 40 
Over 40","With both light and dark fougère facets, Y Eau de Parfum blends sophistication, sensuality and strength, echoing the multifaceted personality of the YSL man. Woody and aromatic, the original Eau de Parfum opens with fresh notes of bergamot and ginger enhanced by juicy green apple for powerful freshness.",/featured-4,http://staging-myoffers.ipt-dev.co.uk/lifestyle-competitions/apply-now-to-try-the-ysl-y-mens-fragrance-13804-0/featured-4,http://www.myoffers.co.uk/lifestyle-competitions/apply-now-to-try-the-ysl-y-mens-fragrance-13804-0/featured-4,https://stagingn.myoffers.co.uk/lifestyle-competitions/apply-now-to-try-the-ysl-y-mens-fragrance-163-0/featured-4,https://www.myoffers.co.uk/lifestyle-competitions/apply-now-to-try-the-ysl-y-mens-fragrance-163-0/featured-4,To Action,Done - LIVE
"Fri, 16 Feb ",Approved,KG,FALSE,"Mon, 4 Mar ",TRUE,"Wed, 6 Mar ",TRUE,TRUE,TRUE,TRUE,TRUE,TRUE,TK - #620,"13803-0-tk-650x381.jpg
PDI162-PII203-tk-650x381.jpg
162-0-tk-650x381.jpg",New,162-0,13803-0,Apply to try the Jo Malone Blackberry & Bay Cologne,51,£118,2024-04-01,2024-09-30,Select,Lifestyle,TK Product Testing,Jo Malone London Blackberry & Bay Cologne 100ml,1,https://www.jomalone.co.uk/product/25946/23540/colognes/blackberry-bay-cologne,"Female
Under 40 
Over 40 ","Childhood memories of blackberry picking. A burst of deep, tart blackberry juice, blending with the freshness of just-gathered bay and brambly woods. Vibrant and verdant.",/featured-4,http://staging-myoffers.ipt-dev.co.uk/lifestyle-competitions/apply-to-try-the-jo-malone-blackberry-&-bay-cologne-13803-0/featured-4,http://www.myoffers.co.uk/lifestyle-competitions/apply-to-try-the-jo-malone-blackberry-&-bay-cologne-13803-0/featured-4,https://stagingn.myoffers.co.uk/lifestyle-competitions/apply-to-try-the-jo-malone-blackberry-&-bay-cologne-162-0/featured-4,https://www.myoffers.co.uk/lifestyle-competitions/apply-to-try-the-jo-malone-blackberry-&-bay-cologne-162-0/featured-4,To Action,Done - LIVE
"Fri, 16 Feb ",Approved,KG,FALSE,"Mon, 4 Mar ",TRUE,"Wed, 6 Mar ",TRUE,TRUE,TRUE,TRUE,TRUE,TRUE,TK - #617,"13799-0-tk-650x381.jpg
PDI158-PII196-tk-650x381.jpg
158-0-tk-650x381.jpg",New,158-0,13799-0,Taste test a luxury chocolate hamper,36,£284,2024-04-01,2024-06-30,Jun,Household,TK Taste Testers,The Extravagance of Chocolate Hamper Gift Box by Rococo Chocolates,1,https://www.rococochocolates.com/products/the-extravagance-of-chocolate-hamper,"Female 
Under 40 
Over 40","Presented in a traditional wicker basket, our 24 Treats Gift Hamper is a real show stopper! This is the ultimate chocolate selection for friends and families to enjoy, with something for absolutely everyone.",/featured-4,http://staging-myoffers.ipt-dev.co.uk/household-competitions/taste-test-a-luxury-chocolate-hamper-13799-0/featured-4,http://www.myoffers.co.uk/household-competitions/taste-test-a-luxury-chocolate-hamper-13799-0/featured-4,https://stagingn.myoffers.co.uk/household-competitions/taste-test-a-luxury-chocolate-hamper-158-0/featured-4,https://www.myoffers.co.uk/household-competitions/taste-test-a-luxury-chocolate-hamper-158-0/featured-4,To Action,Done - LIVE
"Fri, 16 Feb ",Approved,HE,FALSE,"Mon, 4 Mar ",TRUE,"Wed, 6 Mar ",TRUE,TRUE,TRUE,TRUE,TRUE,TRUE,TK - #616,"13798-0-tk-650x381.jpg
PDI157-PII195-tk-650x381.jpg
157-0-tk-650x381.jpg",New,157-0,13798-0,Taste test a luxury cheese and wine hamper,42,£200,2024-04-01,2024-07-31,Jul,Household,TK Taste Testers,"Iberico ham, cheeses, wine and more, presented in a Christmas gift hamper",1,https://www.snowdoniacheese.co.uk/product/christmas-cheese-charcuterie-fine-wine-wicker-hamper/,"Male 
Female 
Under 40 
Over 40 ","Lift the lid to discover a treasure trove of cheeses (including an artisan buffalo blue), hot bakes, chutneys and crunchy crackers, complemented by some of our guest suppliers’ most delicious products – from extra virgin olive oil to hand-carved Iberico ham and caramelised pistachios. As a finishing flourish we’ve also included a 10-year-old tawny port and a bottle of Château Macquin Saint-Georges-Saint-Émilion – a silky, ruby-red wine.",/featured-4,http://staging-myoffers.ipt-dev.co.uk/household-competitions/taste-test-a-luxury-cheese-and-wine-hamper-13798-0/featured-4,http://www.myoffers.co.uk/household-competitions/taste-test-a-luxury-cheese-and-wine-hamper-13798-0/featured-4,https://stagingn.myoffers.co.uk/household-competitions/taste-test-a-luxury-cheese-and-wine-hamper-157-0/featured-4,https://www.myoffers.co.uk/household-competitions/taste-test-a-luxury-cheese-and-wine-hamper-157-0/featured-4,To Action,Done - LIVE
"Thu, 18 Jan ",Approved,KG,FALSE,"Wed, 21 Feb ",TRUE,"Wed, 6 Mar ",TRUE,TRUE,TRUE,TRUE,TRUE,TRUE,TK - #603,"13795-0-tk-650x381.jpg
PDI142-PII175-tk-650x381.jpg",New,142-0,13795-0,Try the brand new Samsung Galaxy S24 Ultra ,65,"£1,249",2024-02-15,2025-02-28,Select,Electronic,TK Product Testing,Galaxy S24 Ultra 512GB｜12GB TitaniumBlack,1,https://www.samsung.com/uk/smartphones/galaxy-s24-ultra/buy/?cid=UK_PPC_4586843643_ID~GLB00058GD_CN~f1h24-e3_PR~f1h24-e3_SB~smart_PH~on_KS~bap_MK~gb_OB~conv_FS~hobl_FF~-&gad_source=1&gclid=Cj0KCQiAtaOtBhCwARIsAN_x-3K4JDE6CrtDo54-Bk-FU5FRj0WzXyDafIY5d33FROHbzozbi4rYkWQaAuyEEALw_wcB&gclsrc=aw.ds,"Male 
Female 
Under 40 
Over 40 
Single 
Family","Search like never before, get real-time interpretation on a call, format your notes into a clear summary and effortlessly edit your photos - all from your smartphone, all with AI.¹ With a durable shield of titanium built right into the frame and scratch resistance with Corning® Gorilla® Armor, your IP68 water and dust resistant Galaxy S24 Ultra is ready for adventure.² ",/featured-4,http://staging-myoffers.ipt-dev.co.uk/electronic-competitions/try-the-brand-new-samsung-galaxy-s24-ultra--13795-0/featured-4,http://www.myoffers.co.uk/electronic-competitions/try-the-brand-new-samsung-galaxy-s24-ultra--13795-0/featured-4,https://stagingn.myoffers.co.uk/electronic-competitions/try-the-brand-new-samsung-galaxy-s24-ultra--142-0/featured-4,https://www.myoffers.co.uk/electronic-competitions/try-the-brand-new-samsung-galaxy-s24-ultra--142-0/featured-4,To Action,Done - LIVE
"Thu, 18 Jan ",Sent for Review,KG,FALSE,"Mon, 19 Feb ",TRUE,"Wed, 6 Mar ",TRUE,TRUE,TRUE,TRUE,TRUE,TRUE,TK - #613,"13793-0-tk-650x381.jpg
PDI154-PII193-tk-650x381.jpg",New,154-0,13793-0,Help us review the Women's 5-Piece Creed Fragrance Discovery Set,64,£200,2024-03-15,2024-11-30,Select,Lifestyle,TK Product Reviewers,Women's 5-Piece 10ml Discovery Set,1,https://www.creedfragrances.co.uk/products/womens-5-piece-discovery-set#storytelling,"Male 
Female 
Under 40 
Over 40 
Single 
Family","Aventus for Her 10ml, Carmina 10ml, Wind Flowers 10ml, Royal Princess Oud 10ml, Spring Flower 10ml",/featured-4,http://staging-myoffers.ipt-dev.co.uk/lifestyle-competitions/help-us-review-the-womens-5-piece-creed-fragrance-discovery-set-13793-0/featured-4,http://www.myoffers.co.uk/lifestyle-competitions/help-us-review-the-womens-5-piece-creed-fragrance-discovery-set-13793-0/featured-4,https://stagingn.myoffers.co.uk/lifestyle-competitions/help-us-review-the-womens-5-piece-creed-fragrance-discovery-set-154-0/featured-4,https://www.myoffers.co.uk/lifestyle-competitions/help-us-review-the-womens-5-piece-creed-fragrance-discovery-set-154-0/featured-4,To Action,Done - LIVE
"Thu, 18 Jan ",Sent for Review,KG,FALSE,"Mon, 19 Feb ",TRUE,"Wed, 6 Mar ",TRUE,TRUE,TRUE,TRUE,TRUE,FALSE,TK - #612,"13792-0-tk-650x381.jpg
PDI153-PII192-tk-650x381.jpg",New,153-0,13792-0,Taste test Luxury Champagne Truffles,36,£165,2024-03-15,2024-06-30,Select,Lifestyle,TK Taste Testers,"Charbonnel et Walker Milk and Pink Champagne Truffles, 650g",3,https://www.johnlewis.com/charbonnel-et-walker-milk-and-pink-champagne-truffles-650g/p165290,"Female 
Under 40 
Over 40 
",This striped box is filled with lightly dusted milk and pink chocolate Champagne truffles with a meltingly smooth Marc de Champagne centre,/featured-4,http://staging-myoffers.ipt-dev.co.uk/lifestyle-competitions/taste-test-luxury-champagne-truffles-13792-0/featured-4,http://www.myoffers.co.uk/lifestyle-competitions/taste-test-luxury-champagne-truffles-13792-0/featured-4,https://stagingn.myoffers.co.uk/lifestyle-competitions/taste-test-luxury-champagne-truffles-153-0/featured-4,https://www.myoffers.co.uk/lifestyle-competitions/taste-test-luxury-champagne-truffles-153-0/featured-4,To Action,Done - LIVE
"Thu, 18 Jan ",Sent for Review,KG,FALSE,"Mon, 19 Feb ",TRUE,"Wed, 6 Mar ",TRUE,TRUE,TRUE,TRUE,TRUE,TRUE,TK - #610,"13791-0-tk-650x381.jpg
PDI151-PII190-tk-650x381.jpg",New,151-0,13791-0,Product Review the House Of Jo Malone Gift Set,46,£140,2024-03-15,2024-11-30,Select,Lifestyle,TK Product Reviewers,Jo Malone House of Jo Malone London Gift Set,1,https://www.net-a-porter.com/en-gb/shop/product/jo-malone/beauty/holiday-sets/house-of-jo-malone-london-gift-set/1647597288473351?utm_source=google&utm_medium=cpc&utm_campaign=GOO%3ANAP%3AEU%3AGB%3ALO%3AENG%3ASEAU%3APLA%3ASLR%3AMXO%3ANEW%3AWN%3AJO-MALONE-LONDON%3ALV0%3ALV1%3ALV2%3AXXX%3A8%3A%3A&utm_id=19744291571&utm_term=3074457345624980798&vtp00=GOOGLE&vtp01=SEAU&vtp02=144319627417&vtp03=pla-585545547274&vtp04=g&vtp05=c&vtp06=649632427373&vtp07=pla&gad_source=1&gclid=Cj0KCQiAtaOtBhCwARIsAN_x-3KO0R4Ic7wDcF_cRyqwSm7Wa5e0h4h_Il1biYSKGvs30Vdy1AlTn-gaAmB2EALw_wcB,"Female 
Under 40 
Over 40 
","Jo Malone London's gift set is perfect for new homeowners or those who love to fill their rooms with welcoming, warm scents. It includes a fragrance for every space - including the bathroom and bedroom.",/featured-4,http://staging-myoffers.ipt-dev.co.uk/lifestyle-competitions/product-review-the-house-of-jo-malone-gift-set-13791-0/featured-4,http://www.myoffers.co.uk/lifestyle-competitions/product-review-the-house-of-jo-malone-gift-set-13791-0/featured-4,https://stagingn.myoffers.co.uk/lifestyle-competitions/product-review-the-house-of-jo-malone-gift-set-151-0/featured-4,https://www.myoffers.co.uk/lifestyle-competitions/product-review-the-house-of-jo-malone-gift-set-151-0/featured-4,To Action,Done - LIVE
"Thu, 18 Jan ",Sent for Review,KG,FALSE,"Wed, 7 Feb ",TRUE,"Wed, 21 Feb ",TRUE,TRUE,TRUE,TRUE,TRUE,TRUE,TK - #607,"13787-0-tk-650x381.jpg
PDI148-PII184-tk-650x381.jpg",New,148-0,13787-0,Apply to review the Lush Life Gift Set,38,£110,2024-03-01,2024-10-31,Select,Household,TK Product Reviewers,Lush Life Gift Set,1,https://www.lush.com/uk/en/p/lush-life-gift,"Male 
Female 
Under 40 
Over 40 
Single 
Family","From the top of your head, as you soothe both hair and scalp with Honey I Washed My Hair shampoo bar's creamy honey and bergamot, to an exfoliated and softened face thanks to Ocean Salt face and body scrub. Indulge in the bath with Twilight bath bomb's lavender and tonka blanket, or wash in a sunny Mediterranean lather in the shower with The Olive Branch shower gel. Layer up with our iconic soothing and protecting Dream Cream body lotion, and finish off by leaving your feet in mint condition, courtesy of the relieving peppermint and arnica in Pink Peppermint foot lotion.",/featured-4,http://staging-myoffers.ipt-dev.co.uk/household-competitions/apply-to-review-the-lush-life-gift-set-13787-0/featured-4,http://www.myoffers.co.uk/household-competitions/apply-to-review-the-lush-life-gift-set-13787-0/featured-4,https://stagingn.myoffers.co.uk/household-competitions/apply-to-review-the-lush-life-gift-set-148-0/featured-4,https://www.myoffers.co.uk/household-competitions/apply-to-review-the-lush-life-gift-set-148-0/featured-4,To Action,Done - LIVE
"Thu, 18 Jan ",Sent for Review,KG,FALSE,"Wed, 7 Feb ",TRUE,"Wed, 21 Feb ",TRUE,TRUE,TRUE,TRUE,TRUE,FALSE,TK - #604,"13783-0-tk-650x381.jpg
PDI144-PII180-tk-650x381.jpg",New,144-0,13783-0,Apply to try the Tom Ford Ombre Leather fragrance,49,£160,2024-03-01,2024-09-30,Select,Lifestyle,TK Product Testing,TOM FORD Ombre Leather Eau De Parfum Gift Set,1,https://www.thefragranceshop.co.uk/tom-ford/ombre-leather/eau-de-parfum-gift-set/p/63072,"Male 
Female 
Under 40 
Over 40 
Single 
Family","Ombré Leather fragrance evokes the American west’s desert beauty with rich, black leather layered beneath patchouli, vetiver and jasmine sambac. This gift set features a 100ml bottle of Ombré Leather Eau de Parfum and a 150ml All Over Body Spray.",/featured-4,http://staging-myoffers.ipt-dev.co.uk/lifestyle-competitions/apply-to-try-the-tom-ford-ombre-leather-fragrance-13783-0/featured-4,http://www.myoffers.co.uk/lifestyle-competitions/apply-to-try-the-tom-ford-ombre-leather-fragrance-13783-0/featured-4,https://stagingn.myoffers.co.uk/lifestyle-competitions/apply-to-try-the-tom-ford-ombre-leather-fragrance-144-0/featured-4,https://www.myoffers.co.uk/lifestyle-competitions/apply-to-try-the-tom-ford-ombre-leather-fragrance-144-0/featured-4,To Action,Done - LIVE
"Mon, 4 Dec ",Approved,KG,FALSE,"Wed, 24 Jan ",TRUE,"Mon, 29 Jan ",TRUE,TRUE,TRUE,TRUE,TRUE,FALSE,TK - #602,"13781-0-tk-650x381.jpg
PDI141-PII174-tk-650x381.jpg",New,141-0,13781-0,Test and keep a Premium Star Wars Lightsaber,44,£360,2024-02-15,2024-09-30,Select,Household,TK Product Testing,"Disney Parks Cal Kestis Limited Edition Customised LIGHTSABER Hilt, Star Wars",1,https://www.shopdisney.co.uk/disney-parks-cal-kestis-limited-edition-customised-lightsaber-hilt-star-wars-461063975863.html?isProductSearch=1&plpPosition=undefined&searchType=regular,"Male 
Family
Under 40 
Over 40 
Family","Inspired by Star Wars: Galaxy's Edge at Walt Disney World and Disneyland Resort
Stand against the darkness with this limited edition Cal Kestis customised LIGHTSABER hilt. Just as you can choose the colour of Cal's blade in Star Wars: Jedi: Fallen Order, you can make that choice here. 
With a press of the buttons on this hilt you can change the colour of the Legacy LIGHTSABER Blade (sold separately) to blue, green, purple, yellow, white or red. 
Inspired by the modified LIGHTSABER that Cal Kestis wields, this very special hilt features light and sound effects and comes with a numbered certificate of authenticity. 
It is displayed in a wooden box designed with artwork including the Jedi Order symbol and an iconic Cal Kestis quote written in Aurebesh: ''Trust only in the Force.''",/featured-4,http://staging-myoffers.ipt-dev.co.uk/household-competitions/test-and-keep-a-premium-star-wars-lightsaber-13781-0/featured-4,http://www.myoffers.co.uk/household-competitions/test-and-keep-a-premium-star-wars-lightsaber-13781-0/featured-4,https://stagingn.myoffers.co.uk/household-competitions/test-and-keep-a-premium-star-wars-lightsaber-141-0/featured-4,https://www.myoffers.co.uk/household-competitions/test-and-keep-a-premium-star-wars-lightsaber-141-0/featured-4,To Action,Done - LIVE
"Mon, 4 Dec ",Approved,KG,FALSE,"Wed, 24 Jan ",TRUE,"Mon, 29 Jan ",TRUE,TRUE,TRUE,TRUE,TRUE,TRUE,TK - #598,"13776-0-tk-650x381.jpg
PDI136-PII166-tk-650x381.jpg",New,136-0,13776-0,Taste Test The Grand Chocolatier’s Table,40,£140,2024-02-15,2024-08-31,Select,Lifestyle,TK Product Testing,"The Grand Chocolatier’s Table, Indulge in opulence with 121 iconic truffles, pralines, tipples, batons, and more",1,https://www.hotelchocolat.com/uk/large-luxury-chocolate-box.html?cgid=chocolate-box,"Male 
Female 
Under 40 
Over 40 
Single 
Family","Lift the lid of this sophisticated box to reveal luxurious treats our chocolatiers would serve if you came to dine at their table. You can't get more awe-inspiring than over 1.3kg of some of our best-loved recipes. Brimming with truffles, caramels, tipples, batons, slabs, and more, this show-stopping centrepiece makes an unforgettable gift or a way to share dessert.",/featured-4,http://staging-myoffers.ipt-dev.co.uk/lifestyle-competitions/taste-test-the-grand-chocolatier’s-table-13776-0/featured-4,http://www.myoffers.co.uk/lifestyle-competitions/taste-test-the-grand-chocolatier’s-table-13776-0/featured-4,https://stagingn.myoffers.co.uk/lifestyle-competitions/taste-test-the-grand-chocolatier’s-table-136-0/featured-4,https://www.myoffers.co.uk/lifestyle-competitions/taste-test-the-grand-chocolatier’s-table-136-0/featured-4,To Action,Done - LIVE
"Mon, 4 Dec ",Approved,KG,FALSE,"Fri, 12 Jan ",TRUE,"Tue, 16 Jan ",TRUE,TRUE,TRUE,TRUE,TRUE,TRUE,TK - #596,"13775-0-tk-650x381.jpg
PDI135-PII165-tk-650x381.jpg",New,135-0,13775-0,Taste test Brockmans Intensely Smooth Premium Gin,49,£105,2024-02-01,2024-08-31,Select,Lifestyle,TK Taste Testers,Brockmans Intensely Smooth Premium Gin 70cl,3,https://www.amazon.co.uk/Brockmans-Intensely-Premium-Crafted-Traditions/dp/B008HKMK8U/,"Female 
Under 40 
Over 40 ","- THE PROPERLY IMPROPER GIN - Brockmans is unlike any gin you’ve tasted before or are likely to ever taste again; Pour it slowly, enticingly pure, over ice
- THE PERFECT SERVE - Mischievously poured over a generous portion of ice and topped with premium tonic water and garnished with pink grapefruit peel & two blueberries
- RAISE YOUR GLASS - Allow it to touch your lips, and there it is… traditional juniper countered by decidedly untraditional tones of blueberries, blackberries, citrus and coriander",/featured-4,http://staging-myoffers.ipt-dev.co.uk/lifestyle-competitions/taste-test-brockmans-intensely-smooth-premium-gin-13775-0/featured-4,http://www.myoffers.co.uk/lifestyle-competitions/taste-test-brockmans-intensely-smooth-premium-gin-13775-0/featured-4,https://stagingn.myoffers.co.uk/lifestyle-competitions/taste-test-brockmans-intensely-smooth-premium-gin-135-0/featured-4,https://www.myoffers.co.uk/lifestyle-competitions/taste-test-brockmans-intensely-smooth-premium-gin-135-0/featured-4,To Action,Done - LIVE
"Mon, 4 Dec ",Approved,KG,TRUE,"Fri, 12 Jan ",TRUE,"Tue, 16 Jan ",TRUE,TRUE,TRUE,TRUE,TRUE,TRUE,TK - #595,"13774-0-tk-650x381.jpg
PDI134-PII164-tk-650x381.jpg",New,134-0,13774-0,"Review your summer holiday destination worth £1,000!",52,"£1,000",2024-02-01,2024-06-30,Select,Travel,TK Product Reviewers,LastMinute.Com £1000 Travel Gift Card,1,https://travelgiftcard.lastminute.com/checkout/new/gift-card/new,"Male 
Female 
Under 40 
Over 40 
Single 
Family","- Lastminute.com is an online travel and leisure company that offers a wide range of last-minute travel deals and services. It specializes in providing discounted bookings for flights, hotels, vacation packages, car rentals, and various leisure activities.
- The platform allows users to find and book last-minute deals and experiences, making it a convenient choice for spontaneous travelers and those seeking discounts on travel and leisure activities.
- Apply for the chance to review your favourite holiday desintation worth £1,000 this summer.",/featured-4,http://staging-myoffers.ipt-dev.co.uk/travel-competitions/review-your-summer-holiday-destination-worth-1000--13774-0/featured-4,http://www.myoffers.co.uk/travel-competitions/review-your-summer-holiday-destination-worth-1000--13774-0/featured-4,https://stagingn.myoffers.co.uk/travel-competitions/review-your-summer-holiday-destination-worth-1000--134-0/featured-4,https://www.myoffers.co.uk/travel-competitions/review-your-summer-holiday-destination-worth-1000--134-0/featured-4,To Action,Done - LIVE
"Mon, 30 Oct ",Approved,HE,TRUE,"Fri, 8 Dec ",TRUE,"Thu, 4 Jan ",TRUE,TRUE,TRUE,TRUE,TRUE,TRUE,TK - #588,13765-0-tk-650x381.jpg,New,124-0,13765-0,Review the Johnnie Walker Blue Label and Decanter set,53,£370,2024-01-15,2024-07-31,Select,Lifestyle,TK Product Reviewers,"Johnnie Walker Blue Label Blended Scotch Whisky and Royal Doulton Crystal Decanter Seasons Set, 1 x 700ml",1,https://www.amazon.co.uk/Johnnie-Walker-Blended-Doulton-Decanter/dp/B01861OT88/ref=sr_1_9?keywords=johnnie+walker&qid=1694186052&refinements=p_36%3A406398031&rnid=355251031&s=grocery&sr=1-9,"Male 
Female 
Under 40 
Over 40 
Single 
Family","Johnnie Walker Blue Label is an unrivalled masterpiece. an exquisite combination of Scotland's rarest and most exceptional whiskies. Waves of spice give way to vanilla and honey, which is followed by the taste of caramel and hazelnuts coursing through dark chocolate. Expect a luxuriously long, warming, smoky finish",/featured-4,http://staging-myoffers.ipt-dev.co.uk/lifestyle-competitions/review-the-johnnie-walker-blue-label-and-decanter-set-13765-0/featured-4,http://www.myoffers.co.uk/lifestyle-competitions/review-the-johnnie-walker-blue-label-and-decanter-set-13765-0/featured-4,https://stagingn.myoffers.co.uk/lifestyle-competitions/review-the-johnnie-walker-blue-label-and-decanter-set-124-0/featured-4,https://www.myoffers.co.uk/lifestyle-competitions/review-the-johnnie-walker-blue-label-and-decanter-set-124-0/featured-4,To Action,Done - LIVE
"Mon, 30 Oct ",Approved,LA,TRUE,"Fri, 8 Dec ",TRUE,"Thu, 4 Jan ",TRUE,TRUE,TRUE,TRUE,TRUE,TRUE,TK - #587,13764-0-tk-650x381.jpg,New,123-0,13764-0,Review the Sealy Ultra Mattress,31,"£1,999",2024-01-15,2024-11-30,Select,Household,TK Product Reviewers,Sealy Elevate Ultra Daito Mattress - Double Bed,1,https://www.dreams.co.uk/sealy-elevate-ultra-daito-mattress/p/135-01257,"Male 
Female 
Under 40 
Over 40 
Single 
Family","The Sealy Posturepedic Elevate Ultra Daito mattress provides a comfortably firm feel night after night, year after restful year. Bursting with refined sleep technology, the Daito mattress offers a support system that's unique from top to toe. You'll find that Sealy's supreme Elevate Ultra collection offers genuine support, true comfort and dependability.",/featured-4,http://staging-myoffers.ipt-dev.co.uk/household-competitions/review-the-sealy-ultra-mattress-13764-0/featured-4,http://www.myoffers.co.uk/household-competitions/review-the-sealy-ultra-mattress-13764-0/featured-4,https://stagingn.myoffers.co.uk/household-competitions/review-the-sealy-ultra-mattress-123-0/featured-4,https://www.myoffers.co.uk/household-competitions/review-the-sealy-ultra-mattress-123-0/featured-4,To Action,Done - LIVE
"Mon, 30 Oct ",Approved,LA,TRUE,"Fri, 24 Nov ",TRUE,"Wed, 13 Dec ",TRUE,TRUE,TRUE,TRUE,TRUE,TRUE,TK - #578,13755-0-tk-650x381.jpg,New,116-0,13755-0,Review the Asus Gaming Laptop ,30,£799,2024-01-01,2024-07-31,Select,Electronic,TK Product Reviewers,"Asus TUF Gaming F15 15.6"" Gaming Laptop NVIDIA GeForce RTX 2050 Intel® Core™ i5 512GB SSD - Black",1,https://ao.com/product/fx506hfhn001w-asus-tuf-gaming-f15-laptop-black-96368-251.aspx,"Male 
Under 40 ","- Dedicated GeForce® RTX 2050 4GB graphics
- Intel® Core™ i5 processor with 6 cores
- 8GB of DDR4 RAM delivers seamless multitasking
- 512GB SSD offers loads of storage & super-fast loading
- AI Noise Cancelling tech blocks out external sound",/featured-4,http://staging-myoffers.ipt-dev.co.uk/electronic-competitions/review-the-asus-gaming-laptop--13755-0/featured-4,http://www.myoffers.co.uk/electronic-competitions/review-the-asus-gaming-laptop--13755-0/featured-4,https://stagingn.myoffers.co.uk/electronic-competitions/review-the-asus-gaming-laptop--116-0/featured-4,https://www.myoffers.co.uk/electronic-competitions/review-the-asus-gaming-laptop--116-0/featured-4,To Action,Done - LIVE
"Mon, 30 Oct ",Approved,HE,TRUE,"Fri, 24 Nov ",TRUE,"Wed, 13 Dec ",TRUE,TRUE,TRUE,TRUE,TRUE,TRUE,TK - #576,13753-0-tk-650x381.jpg,New,114-0,13753-0,Review the Tissot PRX Watch,27,£640,2024-01-01,2024-06-30,Select,Lifestyle,TK Product Reviewers,"TISSOT PRX POWERMATIC 80
T137.407.11.041.00
PRX Powermatic 80 Dark Blue",1,https://www.tissotwatches.com/en-gb/t1374071104100.html,"Male  
Under 40 
Over 40 
","PRX Powermatic 80 Dark Blue - The perfect watch for a trendy and vintage look

Automatic movement: Powermatic 80 with 80-hour power reserve
Case diameter: 40mm
Scratch-resistant sapphire crystal glass with anti reflective coating
Interchangeable quick release bracelet",/featured-4,http://staging-myoffers.ipt-dev.co.uk/lifestyle-competitions/review-the-tissot-prx-watch-13753-0/featured-4,http://www.myoffers.co.uk/lifestyle-competitions/review-the-tissot-prx-watch-13753-0/featured-4,https://stagingn.myoffers.co.uk/lifestyle-competitions/review-the-tissot-prx-watch-114-0/featured-4,https://www.myoffers.co.uk/lifestyle-competitions/review-the-tissot-prx-watch-114-0/featured-4,To Action,Done - LIVE
"Wed, 12 Jul ",Sent for Review,HE,FALSE,"Wed, 20 Sep ",TRUE,"Mon, 2 Oct ",TRUE,TRUE,TRUE,TRUE,TRUE,TRUE,TK - #543,13752-0-tk-650x381.jpg,New,113-0,13752-0,Test and keep the latest iPhone 15 Pro,38,"£1,299",2023-10-15,2024-06-30,,Electronic,TK Product Testing,iPhone 15 Pro - Black Titanium 512 GB,1,"https://www.apple.com/uk/iphone-15-pro/

https://www.apple.com/uk/shop/buy-iphone/iphone-15-pro/6.1-inch-display-512gb-black-titanium","Male 
Female 
Under 40 
Over 40 ","- iPhone 15 Pro is the first iPhone to feature an aerospace‑grade titanium design, using the same alloy that spacecraft use for missions to Mars.
- Titanium has one of the best strength‑to‑weight ratios of any metal, making these our lightest Pro models ever. You’ll notice the difference the moment you pick one up.
- 6.1 Super Retina XDR display, ProMotion technology, Always-On display.
- Action button: Set to toggle between ring and silent mode by default. You can choose to use a different actions by the control center.
- Dynamic Island: A magical way to interact with iPhone
- A17 Pro chip with 6-core GPU 
- Pro camera system, 48MP Main | Ultra Wide | Telephoto, Super-high-resolution photos (24MP and 48MP), Next-generation portraits with Focus and Depth Control
- Up to 10x optical zoom range
- up to 20x faster file transfers
- USB C connector",/featured-4,http://staging-myoffers.ipt-dev.co.uk/electronic-competitions/test-and-keep-the-latest-iphone-15-pro-13752-0/featured-4,http://www.myoffers.co.uk/electronic-competitions/test-and-keep-the-latest-iphone-15-pro-13752-0/featured-4,https://stagingn.myoffers.co.uk/electronic-competitions/test-and-keep-the-latest-iphone-15-pro-113-0/featured-4,https://www.myoffers.co.uk/electronic-competitions/test-and-keep-the-latest-iphone-15-pro-113-0/featured-4,To Action,Done - LIVE
"Mon, 17 Jun ",Use Old Copy,JF,FALSE,,FALSE,,FALSE,TRUE,TRUE,TRUE,TRUE,FALSE,,,New,15-0,13208-0,Apply today to test and keep the latest products,48,,2024-10-01,2025-04-30,Select,Electronic,TK Product Testing,Refresh generic Testers Keepers landing page,,Current LP: https://www.myoffers.co.uk/product-testing/testers-keepers-product-testers-wanted-apply-today-13208-0/featured-4,"Male 
Female 
Under 40 
Over 40 
Single 
Family",No changes to copy ,/featured-4,http://staging-myoffers.ipt-dev.co.uk/electronic-competitions/apply-today-to-test-and-keep-the-latest-products-13208-0/featured-4,http://www.myoffers.co.uk/electronic-competitions/apply-today-to-test-and-keep-the-latest-products-13208-0/featured-4,https://stagingn.myoffers.co.uk/electronic-competitions/apply-today-to-test-and-keep-the-latest-products-15-0/featured-4,https://www.myoffers.co.uk/electronic-competitions/apply-today-to-test-and-keep-the-latest-products-15-0/featured-4,To Action,Done - LIVE
"Mon, 22 Apr ",Approved,KG,TRUE,"Mon, 3 Jun ",TRUE,"Wed, 5 Jun ",TRUE,TRUE,TRUE,TRUE,TRUE,TRUE,TK - #646,"13831-0-tk-650x381.jpg
200-0-tk-650x381.jpg",New,200-0,13831-0,Taste Testers wanted for Gordon's Pink Gin,42,£56,2024-06-15,2024-08-31,Select,Lifestyle,TK Taste Testers,Gordon's Premium Pink Distilled Gin | 37.5% vol | 70cl | Pink Gin | Juniper Taste with Flavours of Raspberry | Strawberry & Redcurrant | Light & Refreshing Flavoured Gin,3,https://www.amazon.co.uk/Gordons-Premium-Pink-Distilled-Gin/dp/B071RN67DQ?th=1,"Female 
Under 40 
Over 40 
Single 
Family","Gordon’s Premium Pink Distilled Gin balances the crisp, juniper taste of Gordon's with the sweetness of raspberries and a tang of redcurrant to provide delicious tasting berry flavour. To enjoy a perfectly-mixed Gordon's Premium Pink Gin & Tonic, fill a large glass with ice (Copa glass if you have one!), add 50ml Gordon's Premium Pink, top with tonic and garnish with plenty of juicy strawberries. Delicious.",/featured-4,http://staging-myoffers.ipt-dev.co.uk/lifestyle-competitions/taste-testers-wanted-for-gordons-pink-gin-13831-0/featured-4,http://www.myoffers.co.uk/lifestyle-competitions/taste-testers-wanted-for-gordons-pink-gin-13831-0/featured-4,https://stagingn.myoffers.co.uk/lifestyle-competitions/taste-testers-wanted-for-gordons-pink-gin-200-0/featured-4,https://www.myoffers.co.uk/lifestyle-competitions/taste-testers-wanted-for-gordons-pink-gin-200-0/featured-4,To Action,Done - LIVE
"Mon, 22 Apr ",Approved,KG,TRUE,"Mon, 3 Jun ",TRUE,"Wed, 5 Jun ",TRUE,TRUE,TRUE,TRUE,TRUE,FALSE,TK - #647,"13832-0-tk-650x381.jpg
201-0-tk-650x381.jpg",New,201-0,13832-0,Test and Keep Chanel N°5 Perfume,32,£136,2024-06-15,2024-11-30,Select,Lifestyle,TK Product Testing,Chanel N°5 Eau De Parfum Perfume 100ml,1,https://www.chanel.com/gb/fragrance/p/125530/n5-eau-de-parfum-spray/,"Female 
Under 40 
Over 40 
Single 
Family","N°5, the very essence of femininity. An aldehyde floral bouquet housed in an iconic bottle with a minimalist design. A timeless, legendary fragrance.",/featured-4,http://staging-myoffers.ipt-dev.co.uk/lifestyle-competitions/test-and-keep-chanel-n°5-perfume-13832-0/featured-4,http://www.myoffers.co.uk/lifestyle-competitions/test-and-keep-chanel-n°5-perfume-13832-0/featured-4,https://stagingn.myoffers.co.uk/lifestyle-competitions/test-and-keep-chanel-n°5-perfume-201-0/featured-4,https://www.myoffers.co.uk/lifestyle-competitions/test-and-keep-chanel-n°5-perfume-201-0/featured-4,To Action,Done - LIVE
"Mon, 22 Apr ",Approved,MP,TRUE,"Mon, 3 Jun ",TRUE,"Wed, 5 Jun ",TRUE,TRUE,TRUE,TRUE,TRUE,TRUE,TK - #649,"13833-0-tk-650x381.jpg
202-0-tk-650x381.jpg",Old,202-0,13833-0,Review the Creed Aventus Fragrance,34,£295,2024-06-15,2024-11-30,Select,Lifestyle,TK Product Reviewers,Creed Aventus 100ml,1,https://www.creedfragrances.co.uk/products/aventus?variant=46601626878262,"Male 
Under 40 
Over 40","Aventus is the most acclaimed scent in Creed history. A contemporary fragrance that celebrates strength, power, vision and success and is the ideal scent for a sophisticated modern man who savours a life well-lived.",/featured-4,http://staging-myoffers.ipt-dev.co.uk/tk product reviewers-competitions/review-the-creed-aventus-fragrance-13833-0/featured-4,http://www.myoffers.co.uk/tk product reviewers-competitions/review-the-creed-aventus-fragrance-13833-0/featured-4,https://stagingn.myoffers.co.uk/lifestyle-competitions/review-the-creed-aventus-fragrance-202-0/featured-4,https://www.myoffers.co.uk/lifestyle-competitions/review-the-creed-aventus-fragrance-202-0/featured-4,To Action,To Action
"Mon, 22 Apr ",Approved,KG,TRUE,"Mon, 3 Jun ",TRUE,"Wed, 5 Jun ",TRUE,TRUE,TRUE,TRUE,TRUE,FALSE,TK - #651,"13835-0-tk-650x381.jpg
204-0-tk-650x381.jpg",New,204-0,13835-0,Try the Hismile Ultimate Toothbrush Bundle,42,£49,2024-06-15,2024-12-31,Select,Household,TK Product Testing,Hismile Ultimate Toothbrush Bundle - Green,1,https://uk.hismileteeth.com/products/ultimate-toothbrush-bundle/green,"Female 
Under 40 
Over 40 
Single 
Family","Want to know the ultimate way to use our viral hit V34 Colour Corrector Serum? It’s with our Hismile Electric Toothbrush! The pairing of our Hismile Electric Toothbrush with our V34 Colour Corrector Serum is the PERFECT match. The V34 Colour Corrector helps to conceal yellow stains on your teeth, giving an instantly whiter appearance to your smile. And the Electric Toothbrush allows you to add a pop of colour to your bathroom, and liven up your day!",/featured-4,http://staging-myoffers.ipt-dev.co.uk/household-competitions/try-the-hismile-ultimate-toothbrush-bundle-13835-0/featured-4,http://www.myoffers.co.uk/household-competitions/try-the-hismile-ultimate-toothbrush-bundle-13835-0/featured-4,https://stagingn.myoffers.co.uk/household-competitions/try-the-hismile-ultimate-toothbrush-bundle-204-0/featured-4,https://www.myoffers.co.uk/household-competitions/try-the-hismile-ultimate-toothbrush-bundle-204-0/featured-4,To Action,To Action
"Mon, 22 Apr ",Approved,KG,TRUE,"Mon, 3 Jun ",TRUE,"Wed, 5 Jun ",TRUE,TRUE,TRUE,TRUE,TRUE,TRUE,TK - #652,"13836-0-tk-650x381.jpg
205-0-tk-650x381.jpg",New,205-0,13836-0,Test and keep a brand new Apple MacBook Pro,43,"£2,599",2024-06-15,2024-11-30,Select,Electronic,TK Product Testing,"16-inch MacBook Pro - Space Black.Apple M3 Pro chip with 12‑core CPU, 18‑core GPU and 16‑core Neural Engine. 18GB unified memory. 512GB SSD storage. 16-inch Liquid Retina XDR display. ",1,https://www.apple.com/uk/shop/buy-mac/macbook-pro/16-inch-space-black-apple-m3-pro-with-12-core-cpu-and-18-core-gpu-18gb-memory-512gb,"Male 
Female 
Under 40 
Over 40 
Single 
Family","Introducing the 16-inch MacBook Pro in Space Black: a powerhouse of performance and style. Featuring the groundbreaking Apple M3 Pro chip with a 12-core CPU, 18-core GPU, and 16-core Neural Engine, alongside 18GB unified memory and 512GB SSD storage, this device delivers unrivaled power and efficiency. Enjoy stunning visuals on the 16-inch Liquid Retina XDR display. Experience seamless multitasking, ample storage, and immersive content creation. Welcome to the future of computing.",/featured-4,http://staging-myoffers.ipt-dev.co.uk/electronic-competitions/test-and-keep-a-brand-new-apple-macbook-pro-13836-0/featured-4,http://www.myoffers.co.uk/electronic-competitions/test-and-keep-a-brand-new-apple-macbook-pro-13836-0/featured-4,https://stagingn.myoffers.co.uk/electronic-competitions/test-and-keep-a-brand-new-apple-macbook-pro-205-0/featured-4,https://www.myoffers.co.uk/electronic-competitions/test-and-keep-a-brand-new-apple-macbook-pro-205-0/featured-4,To Action,To Action
,Approved,MP,TRUE,"Mon, 3 Jun ",TRUE,"Wed, 5 Jun ",TRUE,TRUE,TRUE,TRUE,TRUE,FALSE,TK - #657,"13854-0-tk-650x381.jpg
254-0-tk-650x381.jpg",New,254-0,13854-0,Review the Elemis Rose Discovery Set,36,£100,2024-06-15,2024-10-31,Select,Lifestyle,TK Product Testing,Elemis Pro-Collagen Rose discovery set,1,https://www.selfridges.com/GB/en/product/elemis-pro-collagen-rose-discovery-set_R04292243/,"
Female 
Under 40 
Over 40 
Single 
Family","Includes: Pro-Collagen Rose Micro serum 30ml, Pro-Collagen Rose Marine cream 15ml, Pro-Collagen Rose cleansing balm 20g.",/featured-4,http://staging-myoffers.ipt-dev.co.uk/lifestyle-competitions/review-the-elemis-rose-discovery-set-13854-0/featured-4,http://www.myoffers.co.uk/lifestyle-competitions/review-the-elemis-rose-discovery-set-13854-0/featured-4,https://stagingn.myoffers.co.uk/lifestyle-competitions/review-the-elemis-rose-discovery-set-254-0/featured-4,https://www.myoffers.co.uk/lifestyle-competitions/review-the-elemis-rose-discovery-set-254-0/featured-4,To Action,To Action
"Mon, 22 Apr ",Approved,KG,TRUE,"Mon, 20 May ",TRUE,"Wed, 22 May ",TRUE,TRUE,TRUE,TRUE,TRUE,FALSE,MO - #561,"13830-2-mo-650x381.jpg
199-2-mo-650x381.jpg",New,199-2,13830-2,Win £300 to spend at Sephora,28,£300,2024-06-01,2024-12-31,Select,Money,MO Prize Draw,2x £150 Sephora eGift Cards,1,https://sephora.cashstar.com/store/amount?ref=LEFTNAV&locale=en-us&icid2=giftcards_egiftcards_banner_us,"Female 
Under 40 
Over 40 
Single 
Family","Sephora is the ultimate hotspot for all things trendy in beauty! With stores across the globe and a hip online presence, they curate the coolest makeup, skincare, and fragrances from top brands and their own trendy lines. From must-have palettes to skincare sensations, Sephora is where beauty trends are born.",/featured-1,http://staging-myoffers.ipt-dev.co.uk/money-competitions/win-300-to-spend-at-sephora-13830-2/featured-1,http://www.myoffers.co.uk/money-competitions/win-300-to-spend-at-sephora-13830-2/featured-1,https://stagingn.myoffers.co.uk/money-competitions/win-300-to-spend-at-sephora-199-2/featured-1,https://www.myoffers.co.uk/money-competitions/win-300-to-spend-at-sephora-199-2/featured-1,To Action,To Action
"Mon, 22 Apr ",Approved,KG,TRUE,"Mon, 20 May ",TRUE,"Wed, 22 May ",TRUE,TRUE,TRUE,TRUE,TRUE,FALSE,MO- #562,"13830-1-mo-650x381.jpg
199-1-mo-650x381.jpg",New,199-1,13830-1,Win a Clarins Precious Skincare Gift Set,40,£300,2024-06-01,2024-12-31,Select,Lifestyle,MO Prize Draw,Clarins Precious Skincare Gift Set,1,https://www.johnlewis.com/clarins-precious-skincare-gift-set/p110926174,"
Female 
Under 40 
Over 40 
Single 
Family","indulge with Clarins Precious, a luxury skincare range with rare ingredients and prestigious quality to provide you with youthful, revitalised and radiant skin.",/featured-1,http://staging-myoffers.ipt-dev.co.uk/lifestyle-competitions/win-a-clarins-precious-skincare-gift-set-13830-1/featured-1,http://www.myoffers.co.uk/lifestyle-competitions/win-a-clarins-precious-skincare-gift-set-13830-1/featured-1,https://stagingn.myoffers.co.uk/lifestyle-competitions/win-a-clarins-precious-skincare-gift-set-199-1/featured-1,https://www.myoffers.co.uk/lifestyle-competitions/win-a-clarins-precious-skincare-gift-set-199-1/featured-1,To Action,To Action
"Wed, 20 Mar ",Approved,HE,TRUE,"Thu, 2 May ",TRUE,"Tue, 7 May ",TRUE,TRUE,TRUE,TRUE,TRUE,FALSE,MO -#560,"13824-3-mo-650x381.jpg
181-3-mo-650x381.jpg",New,181-3,13824-3,Win a Rouge Hermes Gift Set,27,£200,2024-05-15,2025-01-31,Select,Lifestyle,MO Prize Draw,"Rouge Hermès gift set. Includes: Rouge Hermès lip balm 3.5g, Rouge Hermès satin lipstick 3.5g Rose Hermès Rosy lip enhancer 3.5g",1,https://www.selfridges.com/GB/en/cat/hermes-rouge-herms-gift-set_R04059050/,"Female 
Under 40 
Over 40 ","Designed by Pierre Hardy the Rouge Hermès lip collection for Hermès showcases the brand’s first foray into beauty. Here you'll find the beeswax-infused Rouge Hermès lip balm for a bucket load of hydration, plus the Rose Hermès lip enhancer for a subtle hint of colour. Finishing this trio off is the Rouge Hermès satin lipstick, designed to deliver long-lasting pigment with a razor-sharp tip for precise application. In other words, it's everything you need to achieve a full and hydrated pout this festive season.",/featured-1,http://staging-myoffers.ipt-dev.co.uk/lifestyle-competitions/win-a-rouge-hermes-gift-set-13824-3/featured-1,http://www.myoffers.co.uk/lifestyle-competitions/win-a-rouge-hermes-gift-set-13824-3/featured-1,https://stagingn.myoffers.co.uk/lifestyle-competitions/win-a-rouge-hermes-gift-set-181-3/featured-1,https://www.myoffers.co.uk/lifestyle-competitions/win-a-rouge-hermes-gift-set-181-3/featured-1,To Action,To Action
"Fri, 16 Feb ",Approved,HE,FALSE,"Wed, 20 Mar ",TRUE,"Mon, 25 Mar ",TRUE,TRUE,TRUE,TRUE,TRUE,FALSE,MO - #552,"13808-3-mo-650x381.jpg
182-3-mo-650x381.jpg",New,182-3,13808-3,Enter to win the Harrods Drinks Cabinet Hamper,46,£550,2024-04-15,2024-09-30,Select,Lifestyle,MO Prize Draw,Harrods The Drinks Cabinet Hamper,1,https://www.harrods.com/en-gb/shopping/harrods-the-drinks-cabinet-hamper-17502927,"Male 
Female 
Under 40 
Over 40 ","You've got the crystal glasses, the rocks and the reason to celebrate; Harrods has The Drinks Cabinet Hamper – and just like that, you're ready to toast any special occasion, big or small. Pour yourself a glass of your favourite tipple, choosing from this carefully curated selection that presents the finest spirits from the Harrods offering. In the clear corner you'll find exceptional vodka and gin, while the darker assortment delivers rum, whisky and cognac. Please note, individual items may be subject to substitution due to availability.",/featured-1,http://staging-myoffers.ipt-dev.co.uk/lifestyle-competitions/enter-to-win-the-harrods-drinks-cabinet-hamper-13808-3/featured-1,http://www.myoffers.co.uk/lifestyle-competitions/enter-to-win-the-harrods-drinks-cabinet-hamper-13808-3/featured-1,https://stagingn.myoffers.co.uk/lifestyle-competitions/enter-to-win-the-harrods-drinks-cabinet-hamper-182-3/featured-1,https://www.myoffers.co.uk/lifestyle-competitions/enter-to-win-the-harrods-drinks-cabinet-hamper-182-3/featured-1,To Action,To Action
"Fri, 16 Feb ",Approved,KG,FALSE,"Wed, 20 Mar ",TRUE,"Mon, 25 Mar ",TRUE,TRUE,TRUE,TRUE,TRUE,FALSE,MO - #551,"13808-2-mo-650x381.jpg
182-2-mo-650x381.jpg",New,182-2,13808-2,Win £550 Mr & Mrs Smith Hotel's Gift Card,41,£550,2024-04-15,2024-09-30,Select,Travel,MO Prize Draw,mrandmrssmith.com £500 Get a room gift card,1,https://www.mrandmrssmith.com/shop/products/gift-vouchers,"Male 
Female 
Under 40 
Over 40 
Single 
Family","Give them the key to more than 1,800 of the world’s best boutique hotels and villas with a hand-illustrated Mr & Mrs Smith gift card. Once they've settled on a seductive stay, they can book at mrandmrssmith.com and enter their unique code, or quote it when they call our in-house travel team. The alluring artwork comes courtesy of Scribble & Daub.",/featured-1,http://staging-myoffers.ipt-dev.co.uk/travel-competitions/win-550-mr-&-mrs-smith-hotels-gift-card-13808-2/featured-1,http://www.myoffers.co.uk/travel-competitions/win-550-mr-&-mrs-smith-hotels-gift-card-13808-2/featured-1,https://stagingn.myoffers.co.uk/travel-competitions/win-550-mr-&-mrs-smith-hotels-gift-card-182-2/featured-1,https://www.myoffers.co.uk/travel-competitions/win-550-mr-&-mrs-smith-hotels-gift-card-182-2/featured-1,To Action,To Action
"Fri, 16 Feb ",Approved,KG,FALSE,"Wed, 20 Mar ",TRUE,"Mon, 25 Mar ",TRUE,TRUE,TRUE,TRUE,TRUE,FALSE,MO - #550,"13808-1-mo-650x381.jpg
182-1-mo-650x381.jpg",New,182-1,13808-1,Win a brand new Samsung Galaxy S9 Tablet,40,£550,2024-04-15,2024-09-30,Select,Electronic,MO Prize Draw,"SAMSUNG Galaxy Tab S9 FE 10.9"" Tablet - 256 GB, Grey",1,https://www.currys.co.uk/products/samsung-galaxy-tab-s9-fe-10.9-tablet-256-gb-grey-10256769.html,"Male 
Female 
Under 40 
Over 40 
Single 
Family","18 hour battery life, 2k screen, 256gb storage, android 13, water resistant, fingerprint scanner",/featured-1,http://staging-myoffers.ipt-dev.co.uk/electronic-competitions/win-a-brand-new-samsung-galaxy-s9-tablet-13808-1/featured-1,http://www.myoffers.co.uk/electronic-competitions/win-a-brand-new-samsung-galaxy-s9-tablet-13808-1/featured-1,https://stagingn.myoffers.co.uk/electronic-competitions/win-a-brand-new-samsung-galaxy-s9-tablet-182-1/featured-1,https://www.myoffers.co.uk/electronic-competitions/win-a-brand-new-samsung-galaxy-s9-tablet-182-1/featured-1,To Action,To Action
"Fri, 16 Feb ",Approved,KG,FALSE,"Wed, 20 Mar ",TRUE,"Mon, 25 Mar ",TRUE,TRUE,TRUE,TRUE,TRUE,TRUE,MO - #549,"13808-0-mo-650x381.jpg
182-0-mo-650x381.jpg
",New,182-0,13808-0,Win a brand new Samsung 55-inch Smart 4K TV,43,£550,2024-04-15,2024-09-30,Select,Electronic,MO Prize Draw,"SAMSUNG UE55CU8000KXXU 55"" Smart 4K Ultra HD HDR LED TV with Bixby & Alexa",1,https://www.currys.co.uk/products/samsung-ue55cu8000kxxu-55-smart-4k-ultra-hd-hdr-led-tv-with-bixby-and-alexa-10249067.html,"Male 
Female 
Under 40 
Over 40 
Single 
Family",Dynamic Crystal Colour brings lifelike colours. Samsung Smart TV has a large choice of apps and services. AirSlim design means less TV and more picture,/featured-1,http://staging-myoffers.ipt-dev.co.uk/electronic-competitions/win-a-brand-new-samsung-55-inch-smart-4k-tv-13808-0/featured-1,http://www.myoffers.co.uk/electronic-competitions/win-a-brand-new-samsung-55-inch-smart-4k-tv-13808-0/featured-1,https://stagingn.myoffers.co.uk/electronic-competitions/win-a-brand-new-samsung-55-inch-smart-4k-tv-182-0/featured-1,https://www.myoffers.co.uk/electronic-competitions/win-a-brand-new-samsung-55-inch-smart-4k-tv-182-0/featured-1,To Action,To Action
"Fri, 16 Feb ",Approved,HE,FALSE,"Mon, 4 Mar ",TRUE,"Wed, 6 Mar ",TRUE,TRUE,TRUE,TRUE,TRUE,FALSE,MO - #544,"13802-0-mo-650x381
PDI161-PII199-mo-650x381.jpg
161-0-mo-650x381.jpg",New,161-0,13802-0,Enter to win a Dior Iconic Makeup Palette,41,£100,2024-04-01,2025-04-30,Select,Lifestyle,MO Prize Draw,"ÉCRIN COUTURE ICONIC MAKEUP Multi-use makeup palette - face, eyes and lips",1,https://www.dior.com/en_gb/beauty/products/ecrin-couture-iconic-makeup-Y4001130.html,"
Female 
Under 40 
Over 40 
Single 
Family","Dior has created a unique* makeup palette with each detail adding an even more enchanting touch. The magic begins on the exterior case, adorned with a golden design inspired by the wrought iron works of the Tuileries Garden, between elegant arabesques and stylised flowers. Pietro Ruffo, friend of the House of Dior, is the artist behind this precious artwork.",/featured-1,http://staging-myoffers.ipt-dev.co.uk/lifestyle-competitions/enter-to-win-a-dior-iconic-makeup-palette-13802-0/featured-1,http://www.myoffers.co.uk/lifestyle-competitions/enter-to-win-a-dior-iconic-makeup-palette-13802-0/featured-1,https://stagingn.myoffers.co.uk/lifestyle-competitions/enter-to-win-a-dior-iconic-makeup-palette-161-0/featured-1,https://www.myoffers.co.uk/lifestyle-competitions/enter-to-win-a-dior-iconic-makeup-palette-161-0/featured-1,To Action,To Action
"Thu, 18 Jan ",Sent for Review,KG,FALSE,"Mon, 19 Feb ",TRUE,"Wed, 6 Mar ",TRUE,TRUE,TRUE,TRUE,TRUE,FALSE,MO - #538,"13789-0-mo-650x381.jpg
PDI150-PII186-mo-650x381.jpg",New,150-0,13789-0,Win a Fitbit Versa Advanced Smartwatch,38,£200,2024-03-15,2024-08-31,Select,Electronic,MO Prize Draw,"Fitbit Versa Health & Fitness Smartwatch with Heart Rate, Music & Swim Tracking, Black",1,https://www.amazon.co.uk/Fitbit-Health-Fitness-Smartwatch-Tracking/dp/B07B9W4V3Z/ref=sr_1_3?crid=1NUXW5WT2TSU6&keywords=fitbit&qid=1702295935&refinements=p_36%3A19500-20500&rnid=389114011&s=sports&sprefix=fit%2Bbit%2Caps%2C72&sr=1-3&th=1,"Male 
Female 
Under 40 
Over 40 
Single 
Family","Reach your activity goals: tracks steps, distance, floors & active minutes.Pure Pulse 24/7 heart rate to better track calorie burn. Get motivated with step challenges, adventures and on-screen workouts",/featured-1,http://staging-myoffers.ipt-dev.co.uk/electronic-competitions/win-a-fitbit-versa-advanced-smartwatch-13789-0/featured-1,http://www.myoffers.co.uk/electronic-competitions/win-a-fitbit-versa-advanced-smartwatch-13789-0/featured-1,https://stagingn.myoffers.co.uk/electronic-competitions/win-a-fitbit-versa-advanced-smartwatch-150-0/featured-1,https://www.myoffers.co.uk/electronic-competitions/win-a-fitbit-versa-advanced-smartwatch-150-0/featured-1,To Action,To Action
"Thu, 18 Jan ",Sent for Review,KG,FALSE,"Wed, 7 Feb ",TRUE,"Wed, 21 Feb ",TRUE,TRUE,TRUE,TRUE,TRUE,TRUE,MO - #537,"13782-3-mo-650x381.jpg
PDI143-PII179-mo-650x381.jpg",New,143-3,13782-3,Win a Hisense Dishwasher,24,£410,2024-03-01,2024-08-31,Select,Household,MO Prize Draw,Hisense,1,https://www.amazon.co.uk/Hisense-Settings-Freestanding-Standard-Dishwasher/dp/B0CJV9KQWG/ref=sr_1_1?crid=3SCNTBTH6O3BO&keywords=dishwasher&qid=1702293545&refinements=p_36%3A40500-41500&rnid=1385143031&sprefix=dishwashe%2Caps%2C61&sr=8-1&th=1,"Male 
Female 
Under 40 
Over 40 
Single 
Family","【14 Place Settings】fitting up to 154 items in one load, making it ideal for medium-sized households. 【Environmental Friendly】Eco programme helps to saves energy, water and money. It's as quiet as whisper so that you won't even notice when its working",/featured-1,http://staging-myoffers.ipt-dev.co.uk/household-competitions/win-a-hisense-dishwasher-13782-3/featured-1,http://www.myoffers.co.uk/household-competitions/win-a-hisense-dishwasher-13782-3/featured-1,https://stagingn.myoffers.co.uk/household-competitions/win-a-hisense-dishwasher-143-3/featured-1,https://www.myoffers.co.uk/household-competitions/win-a-hisense-dishwasher-143-3/featured-1,To Action,To Action
"Thu, 18 Jan ",Sent for Review,KG,FALSE,"Wed, 7 Feb ",TRUE,"Wed, 21 Feb ",TRUE,TRUE,TRUE,TRUE,TRUE,TRUE,MO - #536,"13782-2-mo-650x381.jpg
PDI143-PII178-mo-650x381.jpg",New,143-2,13782-2,Win a Bottle of Penderyn Whisky,31,£410,2024-03-01,2024-08-31,Select,Lifestyle,MO Prize Draw,Penderyn Single Cask Terrantez Finish Whisky (70Cl),1,https://www.harrods.com/en-gb/shopping/penderyn-penderyn-single-cask-terrantez-finish-whisky-70cl-15394049,"Male 
Female 
Under 40 
Over 40 
Single 
Family","Housed in a hand-drawn bottle specially selected by Harrods, this Penderyn Madeira Varietals Terrantz Whisky is aged in an ex-bourbon cask and finished in a rare Madeira wine cask from Blandy's Madeira Lodge.",/featured-1,http://staging-myoffers.ipt-dev.co.uk/lifestyle-competitions/win-a-bottle-of-penderyn-whisky-13782-2/featured-1,http://www.myoffers.co.uk/lifestyle-competitions/win-a-bottle-of-penderyn-whisky-13782-2/featured-1,https://stagingn.myoffers.co.uk/lifestyle-competitions/win-a-bottle-of-penderyn-whisky-143-2/featured-1,https://www.myoffers.co.uk/lifestyle-competitions/win-a-bottle-of-penderyn-whisky-143-2/featured-1,To Action,To Action
"Thu, 18 Jan ",Sent for Review,KG,FALSE,"Wed, 7 Feb ",TRUE,"Wed, 21 Feb ",TRUE,TRUE,TRUE,TRUE,TRUE,FALSE,MO - #535,"13782-1-mo-650x381.jpg
PDI143-PII177-mo-650x381.jpg",New,143-1,13782-1,Win a brand new Givenchy Pouch,30,£410,2024-03-01,2024-08-31,Select,Lifestyle,MO Prize Draw,GIVENCHY Logo-print large cotton-canvas pouch,1,https://www.selfridges.com/GB/en/cat/givenchy-logo-print-large-cotton-canvas-pouch_R04254957/#colour=BLACK,"
Female 
Under 40 
Over 40 
Single 
Family","Rectangular shape, monogram design plaque and wristlet at side, brand print at front, all over canvas texture, gold-toned hardware, one main compartment, internal slip pocket and brand tab, fully lined",/featured-1,http://staging-myoffers.ipt-dev.co.uk/lifestyle-competitions/win-a-brand-new-givenchy-pouch-13782-1/featured-1,http://www.myoffers.co.uk/lifestyle-competitions/win-a-brand-new-givenchy-pouch-13782-1/featured-1,https://stagingn.myoffers.co.uk/lifestyle-competitions/win-a-brand-new-givenchy-pouch-143-1/featured-1,https://www.myoffers.co.uk/lifestyle-competitions/win-a-brand-new-givenchy-pouch-143-1/featured-1,To Action,To Action
"Thu, 18 Jan ",Sent for Review,HE,FALSE,"Wed, 7 Feb ",TRUE,"Wed, 21 Feb ",TRUE,TRUE,TRUE,TRUE,TRUE,FALSE,MO - #534,"13782-0-mo-650x381.jpg
PDI143-PII176-mo-650x381.jpg",New,143-0,13782-0,Win the Ultimate Selfridges London Gift Experience for Two,58,£410,2024-03-01,2024-08-31,Select,Lifestyle,MO Prize Draw,The Ultimate Selfridges London Celebration gift experience,1,https://www.selfridges.com/GB/en/cat/selfridges-the-ultimate-selfridges-london-celebration-gift-experience_R03723605/?cm_sp=feature-_-GiftableExperiencesByExperienceConciergeAtSelfridgesLondon-_-CT--gb,"Female 
Under 40 
Over 40 ","The Ultimate Selfridges London Celebration gift experience for two people. Includes: an Express manicure at Daniel Galvin per person (only available on Tuesdays), a blow-dry and style at Daniel Galvin per person, a three-course meal at The Brasserie of Light with a glass of Champagne or mocktail of your choice per person. 5 hour experience, group of 2",/featured-1,http://staging-myoffers.ipt-dev.co.uk/lifestyle-competitions/win-the-ultimate-selfridges-london-gift-experience-for-two-13782-0/featured-1,http://www.myoffers.co.uk/lifestyle-competitions/win-the-ultimate-selfridges-london-gift-experience-for-two-13782-0/featured-1,https://stagingn.myoffers.co.uk/lifestyle-competitions/win-the-ultimate-selfridges-london-gift-experience-for-two-143-0/featured-1,https://www.myoffers.co.uk/lifestyle-competitions/win-the-ultimate-selfridges-london-gift-experience-for-two-143-0/featured-1,To Action,To Action
"Mon, 4 Dec ",Approved,KG,FALSE,"Wed, 24 Jan ",TRUE,"Mon, 29 Jan ",TRUE,TRUE,TRUE,TRUE,TRUE,FALSE,MO - #530,13779-2-mo-650x381.jpg,New,139-2,13779-2,Enter to win a Molton Brown Signature Hamper,44,£250,2024-02-15,2024-09-30,Select,Lifestyle,MO Prize Draw,Molton Brown Signature Hamper,1,https://www.moltonbrown.co.uk/store/christmas/the-signature-hamper/MBG23038,"Male 
Female 
Under 40 
Over 40 
Single 
Family","A celebration all on its own; introduce loved ones to an ‘it can only be Molton Brown’ ritual with our suits-all-occasions hamper, hand-picked with iconic Bath and Hand Care luxuries and discovery-size Fragrances.",/featured-1,http://staging-myoffers.ipt-dev.co.uk/lifestyle-competitions/enter-to-win-a-molton-brown-signature-hamper-13779-2/featured-1,http://www.myoffers.co.uk/lifestyle-competitions/enter-to-win-a-molton-brown-signature-hamper-13779-2/featured-1,https://stagingn.myoffers.co.uk/lifestyle-competitions/enter-to-win-a-molton-brown-signature-hamper-139-2/featured-1,https://www.myoffers.co.uk/lifestyle-competitions/enter-to-win-a-molton-brown-signature-hamper-139-2/featured-1,To Action,To Action
"Mon, 4 Dec ",Approved,KG,FALSE,"Fri, 12 Jan ",TRUE,"Tue, 16 Jan ",TRUE,TRUE,TRUE,TRUE,TRUE,TRUE,MO - #525,13770-1-mo-650x381.jpg,New,130-1,13770-1,Win a bottle of Bleu De Chanel Fragrance,40,£100,2024-02-01,2024-08-31,Select,Lifestyle,MO Prize Draw,"CHANELBLEU DE CHANEL - 100ml
Eau de Toilette Spray",1,https://www.theperfumeshop.com/chanel/bleu-de-chanel/eau-de-toilette-spray/p/64060EDTJU?varSel=1099365,"Male  
Under 40 
Over 40 ","Bleu de Chanel by Chanel is a woody aromatic fragrance for men presented on the market in 2010. The nose behind this fragrance is Jacques Polge. The fragrance features labdanum, nutmeg, ginger, sandalwood, patchouli, mint, jasmine, grapefruit, citruses, vetiver, incense, cedar and pink pepper.",/featured-4,http://staging-myoffers.ipt-dev.co.uk/lifestyle-competitions/win-a-bottle-of-bleu-de-chanel-fragrance-13770-1/featured-4,http://www.myoffers.co.uk/lifestyle-competitions/win-a-bottle-of-bleu-de-chanel-fragrance-13770-1/featured-4,https://stagingn.myoffers.co.uk/lifestyle-competitions/win-a-bottle-of-bleu-de-chanel-fragrance-130-1/featured-4,https://www.myoffers.co.uk/lifestyle-competitions/win-a-bottle-of-bleu-de-chanel-fragrance-130-1/featured-4,To Action,To Action
"Mon, 18 Sep ",Approved,LA,TRUE,"Fri, 10 Nov ",TRUE,"Mon, 4 Dec ",TRUE,TRUE,TRUE,TRUE,TRUE,FALSE,MO - #505,13744-1-mo-650x381.jpg,New,110-1,13744-1,Win a Velvetiser Chocolate Hamper,£33,£200,2023-12-11,2024-12-31,,Money,MO Prize Draw,1 x The Velvetiser Experience Chocolate Hamper,1,https://www.hotelchocolat.com/uk/hot-chocolate-hamper.html?cgid=chocolate-hampers,"Female 
Under 40 
Over 40 ",A stunning gift hamper featuring all you need for the ultimate velvetised drinking chocolate experience at home. 7 items. Alcohol-free.,/featured-1,http://staging-myoffers.ipt-dev.co.uk/money-competitions/win-a-velvetiser-chocolate-hamper-13744-1/featured-1,http://www.myoffers.co.uk/money-competitions/win-a-velvetiser-chocolate-hamper-13744-1/featured-1,https://stagingn.myoffers.co.uk/money-competitions/win-a-velvetiser-chocolate-hamper-110-1/featured-1,https://www.myoffers.co.uk/money-competitions/win-a-velvetiser-chocolate-hamper-110-1/featured-1,To Action,To Action
"Mon, 18 Sep ",Approved,KG,TRUE,"Fri, 27 Oct ",TRUE,"Wed, 22 Nov ",TRUE,TRUE,TRUE,TRUE,TRUE,TRUE,MO - #502,13739-3-mo-650x381.jpg,New,109-3,13739-3,Win your fave wines and champagnes,£34,£400,2023-12-01,2024-07-31,,Lifestyle,MO Prize Draw,1 x £400 Majestic gift card,1,https://www.majestic.co.uk/giftcards,"Male 
Female 
Under 40 
Over 40 ","White wines, red wines, champagnes",/featured-1,http://staging-myoffers.ipt-dev.co.uk/lifestyle-competitions/win-your-fave-wines-and-champagnes-13739-3/featured-1,http://www.myoffers.co.uk/lifestyle-competitions/win-your-fave-wines-and-champagnes-13739-3/featured-1,https://stagingn.myoffers.co.uk/lifestyle-competitions/win-your-fave-wines-and-champagnes-109-3/featured-1,https://www.myoffers.co.uk/lifestyle-competitions/win-your-fave-wines-and-champagnes-109-3/featured-1,To Action,To Action
"Mon, 18 Sep ",Approved,HE,TRUE,"Tue, 24 Oct ",TRUE,"Wed, 22 Nov ",TRUE,TRUE,TRUE,TRUE,TRUE,FALSE,MO - #500,13739-1-mo-650x381.jpg,Old - New Model,109-1,13739-1,Win £400 to spend in Ikea,£25,£400,2023-12-01,2024-07-31,,Money,MO Prize Draw,,1,https://giftcard.ikea.co.uk/,"Male 
Female 
Under 40 
Over 40 
Single 
Family","Ikea offers fresh home furnishing ideas and affordable furniture
Discover affordable furniture and home furnishing inspiration for all sizes of wallets and homes.",/featured-1,http://staging-myoffers.ipt-dev.co.uk/money-competitions/win-400-to-spend-in-ikea-13739-1/featured-1,http://www.myoffers.co.uk/money-competitions/win-400-to-spend-in-ikea-13739-1/featured-1,https://stagingn.myoffers.co.uk/money-competitions/win-400-to-spend-in-ikea-109-1/featured-1,https://www.myoffers.co.uk/money-competitions/win-400-to-spend-in-ikea-109-1/featured-1,To Action,To Action
"Wed, 10 May ",Approved,HE,TRUE,"Wed, 10 May ",TRUE,"Tue, 20 Jun ",TRUE,TRUE,TRUE,TRUE,TRUE,TRUE,MO - #452,13671-0-mo-650x381.jpg,New,27-3,13671-0,Join the EV Revolution - Win a Ford Puma Electric Car,£53,"£25,000",2023-07-01,2024-07-31,,Motoring,MO Prize Draw,Ford Puma Titanium 92 kW / 125 PS,1,"Car: https://www.ford.co.uk/cars/puma

Spec: https://www.ford.co.uk/shop/build-your-ford/ngc2/ice2/model?catalogId=WAEGB-CF7-2020-PumaGBR202325&code=ACMAA_VS-DJ&series=ACMAA_VS-DJ&bodystyle=BS-HCincluded&vehicleSpecOverlay=ACMAA_VS-DJ","Male 
Female 
Under 40 
Over 40 
Single 
Family","- Ingenious SUV design. Next gen connectivity. Dynamic performance, plus mild hybrid efficiency. Ford Puma. Your backstage pass to the city.
- Intuitive tech built for city living. Mild hybrid efficiency. Smart compact SUV design. Cloud-connected navigation plus advanced route planning. 10-speaker B&O sound system. Ford Puma puts you in the zone.    
",/featured-1,http://staging-myoffers.ipt-dev.co.uk/motoring-competitions/join-the-ev-revolution---win-a-ford-puma-electric-car-13671-0/featured-1,http://www.myoffers.co.uk/motoring-competitions/join-the-ev-revolution---win-a-ford-puma-electric-car-13671-0/featured-1,https://stagingn.myoffers.co.uk/motoring-competitions/join-the-ev-revolution---win-a-ford-puma-electric-car-45378/featured-1,https://www.myoffers.co.uk/motoring-competitions/join-the-ev-revolution---win-a-ford-puma-electric-car-45378/featured-1,To Action,To Action
"Wed, 10 May ",Approved,KG,TRUE,"Wed, 10 May ",TRUE,"Tue, 20 Jun ",TRUE,TRUE,TRUE,TRUE,TRUE,TRUE,MO - #453,13671-1-mo-650x381.jpg,New,27-2,13671-1,Win a brand new Seat Leon e-Hybrid Car,£38,"£25,000",2023-07-01,2024-07-31,,Motoring,MO Prize Draw,Seat Leon SE Dynamic 1.0 TSI 110 PS - Midnight black,1,"Seat Leon: https://www.seat.co.uk/new-cars/leon/overview?_gl=1*16cjujt*_up*MQ..*_ga*MzA5NDQ0OTcxLjE2ODA3OTA1ODY.*_ga_LYRL0YC2HM*MTY4MDc5MDU4NS4xLjAuMTY4MDc5MDU4NS4wLjAuMA..

Spec: https://www.seat.co.uk/configurator.html/summary?wf=seat-gb-en&_gl=1*12m4jmk*_up*MQ..*_ga*MzA5NDQ0OTcxLjE2ODA3OTA1ODY.*_ga_LYRL0YC2HM*MTY4MDc5MDU4NS4xLjEuMTY4MDc5MDYwMy4wLjAuMA..&id=ePl9IIpVfdJLCsIwFIXhrXQDlzyaNHZ4jW2RhKoFoRQ6SEmX4d49GSiIYvjgDySTPL4O7HmK57GjzdZ6d4dESbcNmWbfqHU5UzbW1FlKq3L6uByOkUJU-jgLJYarvwDaB0CDBfTOgC4GUM1QakEMU-2h9ARiWEYFr-_24_Z5ptF5uinGeq9MJTvZlaltqjJ4_vM-7_3r4wnlDkhR","Male 
Female 
Under 40 
Over 40 
Single 
Family","Seat Leon SE Dynamic:
- 17"" Dynamic Wheels,
- Rear tinted windows
- Digital Cockpit
- 10"" touchscreen media system
- Lane and Roadworks Assist
- Side Assist
- Tiredness Detection
- Park assist with front and rear parking sensors
- Full Link smartphone integration (Mirror Link, Wireless Apple CarPlay, Wired Google Android Auto)
- SEAT Connect Safety, Service, Remote & Online: 10 year subscription included: Emergency call, Breakdown call, Service scheduling Remote Access: 12 month subscription included: Driving data, Parking position, Anti-theft/area/speed alert",/featured-1,http://staging-myoffers.ipt-dev.co.uk/motoring-competitions/win-a-brand-new-seat-leon-e-hybrid-car-13671-1/featured-1,http://www.myoffers.co.uk/motoring-competitions/win-a-brand-new-seat-leon-e-hybrid-car-13671-1/featured-1,https://stagingn.myoffers.co.uk/motoring-competitions/win-a-brand-new-seat-leon-e-hybrid-car-45349/featured-1,https://www.myoffers.co.uk/motoring-competitions/win-a-brand-new-seat-leon-e-hybrid-car-45349/featured-1,To Action,To Action
"Wed, 10 May ",Approved,KG,TRUE,"Wed, 10 May ",TRUE,"Tue, 20 Jun ",TRUE,TRUE,TRUE,TRUE,TRUE,FALSE,MO - #454,13671-2-mo-650x381.jpg,New,27-1,13671-2,Win a brand new MAZDA CX-30 COMPACT SUV,£39,"£25,000",2023-07-01,2024-07-31,,Motoring,MO Prize Draw,"MAZDA CX-30 COMPACT SUV - SE-L (Deep Crystal Blue)
122 (90) / 6,000 )PS (KW)/RPM) Petrol/hybrid",1,"About Car: https://www.mazda.co.uk/cars/mazda-cx-30/

Spec: https://www.mazda.co.uk/configurator/MAZDA%20CX-30/5WGN/","Male 
Female 
Under 40 
Over 40 
Single 
Family","SE-L
- 16"" grey wheels
- Premium dark cloth trim
- Cruise control
- Integrated Mazda Navigation system",/featured-1,http://staging-myoffers.ipt-dev.co.uk/motoring-competitions/win-a-brand-new-mazda-cx-30-compact-suv-13671-2/featured-1,http://www.myoffers.co.uk/motoring-competitions/win-a-brand-new-mazda-cx-30-compact-suv-13671-2/featured-1,https://stagingn.myoffers.co.uk/motoring-competitions/win-a-brand-new-mazda-cx-30-compact-suv-45318/featured-1,https://www.myoffers.co.uk/motoring-competitions/win-a-brand-new-mazda-cx-30-compact-suv-45318/featured-1,To Action,To Action
"Wed, 10 May ",Approved,KG,TRUE,"Wed, 10 May ",TRUE,"Tue, 20 Jun ",TRUE,TRUE,TRUE,TRUE,TRUE,TRUE,MO - #455,13671-3-mo-650x381.jpg,New,27-0,13671-3,Win a new Toyota Yaris Excel Hybrid Car,£39,"£25,000",2023-07-01,2024-07-31,,Motoring,MO Prize Draw,"Toyota Yaris Excel Hybrid - 1.5 Petrol Hybrid (116bhp)
Pure White (Solid paint)",1,"About: https://www.toyota.co.uk/new-cars/yaris

Spec: https://www.toyota.co.uk/new-cars/yaris/build.YA.3U5.2d3a285c-fe51-4867-bcbd-0940eb0054c8?path=summary/09a6531a-c3f1-4d2d-b4d3-eb45cbb35478/2d3a285c-fe51-4867-bcbd-0940eb0054c8&u=bfcd597f-f22f-4f2e-b9e7-acc9b731ec5f&financeOption=cash","Male 
Female 
Under 40 
Over 40 
Single 
Family","Yaris Excel Hybrid
- 17"" Black Alloy wheels
- 9"" HD Toyota Smart Connect multimedia system
- Smart Entry & Push-button start",/featured-1,http://staging-myoffers.ipt-dev.co.uk/motoring-competitions/win-a-new-toyota-yaris-excel-hybrid-car-13671-3/featured-1,http://www.myoffers.co.uk/motoring-competitions/win-a-new-toyota-yaris-excel-hybrid-car-13671-3/featured-1,https://stagingn.myoffers.co.uk/motoring-competitions/win-a-new-toyota-yaris-excel-hybrid-car-27-0/featured-1,https://www.myoffers.co.uk/motoring-competitions/win-a-new-toyota-yaris-excel-hybrid-car-27-0/featured-1,To Action,To Action
"Mon, 17 Jun ",Use Old Copy,JF,FALSE,,FALSE,,FALSE,TRUE,TRUE,TRUE,TRUE,FALSE,,,New,193-0,13397-0,Join MyOffers to win the latest prizes and competitions,55,,2024-10-01,2025-04-30,Select,Household,MO Prize Draw,Refresh generic MyOffers landing page,,Current LP: https://www.myoffers.co.uk/electronic-competitions/join-myoffers-to-win-the-latest-electronics-gadgets-and-more-13397-0/featured-1,"Male 
Female 
Under 40 
Over 40 
Single 
Family",No changes to copy ,/featured-1,http://staging-myoffers.ipt-dev.co.uk/household-competitions/join-myoffers-to-win-the-latest-prizes-and-competitions-13397-0/featured-1,http://www.myoffers.co.uk/household-competitions/join-myoffers-to-win-the-latest-prizes-and-competitions-13397-0/featured-1,https://stagingn.myoffers.co.uk/household-competitions/join-myoffers-to-win-the-latest-prizes-and-competitions-193-0/featured-1,https://www.myoffers.co.uk/household-competitions/join-myoffers-to-win-the-latest-prizes-and-competitions-193-0/featured-1,To Action,To Action
,,,,,,,,,,,,,,,,,,,,,,,,,,,,,,,,,,,,,
,,,,,,,,,,,,,,,,,,,,,,,,,,,,,,,,,,,,,
,,,,,,,,,,,,,LPs to Build on Current Site and New Site ,,,,,,,,,,,,,,,,,,,,,,,,
,,,,,,,,,,,,,,,,,,,,,,,,,,,,,,,,,,,,,
,,,,,,,,,,,,,TK LPs to Build,0,,,,,,,,,,,,,,,,,,,,,,,
,,,,,,,,,,,,,MO LPs to Build,0,,,,,,,,,,,,,,,,,,,,,,,